material_id,description_count,uom_count,material_group_count,line_count,spend,issue_flag
7101320.0,3,1,1,20109,5197636923.88,True
7101330.0,5,2,2,182,3170411555.95,True
7100110.0,8,1,1,206,2535716402.55,True
7100100.0,4,1,2,136,2119643360.55,True
910970.0,2,1,1,2970,1383677845.02,True
910010.0,6,1,1,2555,1093782092.69,True
910000.0,4,2,2,2895,643714216.89,True
910860.0,8,2,2,1999,611220839.01,True
910420.0,3,1,1,6526,396208137.27,True
7101190.0,4,3,2,21,313983855.45,True
7101580.0,2,2,2,15,191511900.75,True
940730.0,4,2,2,1925,90984997.69,True
7101600.0,3,3,3,24,85589645.0,True
8800000.0,2,1,2,46,68533700.0,True
7400000.0,7,4,2,526,63530758.86,True
7101310.0,4,1,1,145,63441960.15,True
920090.0,3,1,2,21,62916448.0,True
7200980.0,5,2,2,17,56720986.940000005,True
7101910.0,2,2,2,63,47006754.0,True
920110.0,5,1,3,9,29784375.0,True
7101790.0,2,2,2,46,29713379.98,True
814370.0,4,1,2,15,28143202.67,True
7200250.0,4,2,1,386,27153816.11,True
921010.0,2,1,2,3,23786250.0,True
920060.0,3,1,3,11,20397545.0,True
910610.0,3,2,2,49,19568225.0,True
7100060.0,5,1,3,362,18344571.0,True
817500.0,6,1,1,19,18332264.75,True
7100320.0,5,3,5,216,17668972.9,True
920050.0,2,1,2,11,16557000.0,True
950950.0,2,1,1,15,15652180.0,True
969840.0,4,2,3,4,14514125.5,True
969770.0,10,2,2,10,14246800.0,True
951150.0,5,1,1,87,13600804.45,True
7100070.0,6,1,2,60,13095440.0,True
950550.0,5,1,1,11,12732540.6,True
920120.0,2,1,2,22,12684291.35,True
910670.0,4,2,2,29,12381881.2,True
921430.0,3,1,3,6,11917050.0,True
7101950.0,6,3,4,95,11894992.0,True
7200260.0,2,2,1,60,11866186.51,True
950050.0,6,1,1,68,11709050.5,True
920130.0,3,1,2,13,11594100.0,True
950010.0,6,2,1,44,10957849.9,True
7101570.0,4,2,3,176,10776810.28,True
7200150.0,9,1,1,39,10233538.3,True
969820.0,5,1,1,5,10114600.0,True
969830.0,8,1,1,8,9769000.0,True
7101480.0,2,1,1,387,9462120.62,True
969780.0,7,1,5,9,9194990.0,True
910520.0,3,2,1,10,9179561.36,True
920240.0,2,1,2,5,9108832.4,True
7100020.0,5,3,3,212,8879050.0,True
951560.0,2,1,1,6,8792800.0,True
7100080.0,6,3,2,98,8322590.0,True
940010.0,7,2,3,20,8214730.3,True
921030.0,2,1,2,4,8140800.0,True
818630.0,4,1,4,16,8100910.33,True
921580.0,3,1,3,7,7402250.0,True
7100120.0,4,1,1,322,7256448.5,True
7101980.0,3,3,2,7,7106790.0,True
818740.0,8,2,3,35,7096092.55,True
7100030.0,5,2,1,196,6927669.5,True
7300020.0,2,1,1,15,6874040.0,True
7504080.0,10,1,1,10,6787152.6,True
802340.0,4,1,1,31,6558417.4,True
950560.0,3,1,1,7,6406695.0,True
7101780.0,5,2,3,275,6227205.0,True
818430.0,3,2,3,8,6199248.0,True
818460.0,2,1,1,4,5940625.0,True
921560.0,2,1,1,5,5920000.0,True
7101830.0,3,2,3,44,5792324.48,True
950000.0,7,1,1,42,5731817.8,True
932100.0,2,1,1,6,5649187.5,True
7100590.0,2,2,2,11,5423666.8,True
819150.0,7,4,5,9,5399305.1,True
7101250.0,4,1,1,28,5399000.0,True
7101970.0,3,2,3,15,5247245.0,True
921380.0,4,1,2,22,4904024.5,True
802100.0,4,3,1,14,4827344.24,True
804910.0,2,1,1,5,4459100.0,True
7101860.0,6,5,4,133,4213182.25,True
816520.0,3,1,3,6,4163144.0,True
951460.0,8,2,1,34,4151277.66,True
920100.0,3,1,2,8,4127467.5,True
940020.0,5,1,1,21,4100539.33,True
7101360.0,2,2,2,7,3862000.0,True
969610.0,6,2,3,6,3619725.0,True
921520.0,2,1,1,4,3390000.0,True
816840.0,5,3,3,11,3386261.16,True
969760.0,3,1,1,3,3153900.0,True
951160.0,4,2,1,17,3053096.46,True
950890.0,3,1,1,14,2864553.88,True
803430.0,3,2,1,86,2863698.71,True
951240.0,5,2,1,20,2830134.44,True
7201340.0,2,2,1,50,2780344.9,True
7100090.0,3,2,2,21,2703060.0,True
7100620.0,2,2,2,4,2617500.0,True
962460.0,6,1,3,14,2615852.55,True
818290.0,3,1,2,3,2575879.0,True
817920.0,4,2,3,5,2454431.44,True
814650.0,3,1,2,38,2409345.68,True
819120.0,3,2,2,3,2408730.0,True
7101150.0,4,2,2,37,2281837.2,True
7503570.0,2,1,1,2,2269374.0,True
952140.0,8,2,1,16,2224811.5,True
951920.0,3,1,1,9,2221700.0,True
819060.0,2,2,2,2,2193720.0,True
818400.0,3,1,3,16,2139146.9,True
920960.0,3,1,3,4,2130000.0,True
969790.0,4,2,3,5,2024575.0,True
802040.0,6,1,1,9,1817625.0,True
801360.0,2,1,1,3,1797120.0,True
951500.0,5,1,1,5,1789985.15,True
818770.0,4,2,3,15,1737926.64,True
800570.0,7,2,1,12,1729190.0,True
803910.0,4,2,4,6,1676494.64,True
911020.0,2,2,2,5,1672635.21,True
801550.0,4,1,1,7,1656040.0,True
819190.0,8,1,1,8,1635800.0,True
801480.0,7,1,1,15,1627206.0,True
813700.0,2,1,2,2,1604800.0,True
951710.0,3,1,1,5,1601646.4,True
7300000.0,4,1,1,11,1570291.34,True
7101700.0,2,1,1,16,1546800.0,True
802160.0,3,2,1,26,1529793.35,True
802310.0,9,1,2,48,1507356.85,True
951890.0,4,1,1,13,1485897.75,True
911040.0,5,2,2,24,1482923.21,True
806210.0,3,3,3,7,1466190.0,True
7101050.0,3,2,3,14,1436398.0,True
814960.0,2,1,1,3,1429288.1400000001,True
7300610.0,6,2,1,16,1406631.7,True
952080.0,6,1,1,16,1388984.3,True
920870.0,3,1,1,20,1353750.0,True
7100000.0,4,3,2,36,1301497.0,True
952110.0,8,2,1,17,1276652.32,True
7200160.0,2,1,1,5,1271600.22,True
818480.0,2,1,1,4,1269063.0,True
950790.0,3,1,1,13,1256330.08,True
951450.0,3,1,1,13,1245285.2,True
951670.0,4,1,1,19,1211905.8,True
7300410.0,3,2,1,5,1177010.4,True
818140.0,3,1,2,19,1154715.0,True
817520.0,3,2,2,32,1148796.48,True
951930.0,2,1,1,8,1127005.9,True
921310.0,2,1,1,5,1080000.0,True
802110.0,3,2,1,4,1076051.92,True
950020.0,7,3,1,13085,1060259.76,True
816680.0,3,1,2,7,1042821.1,True
818790.0,4,1,3,5,1038735.59,True
7100050.0,4,2,2,6,1028248.8,True
951940.0,2,2,1,7,1022377.8,True
952090.0,7,1,1,22,1020291.5,True
817320.0,3,1,2,3,1014871.0,True
951390.0,5,2,1,10,1010961.44,True
7100570.0,3,2,3,5,1010736.0,True
7100550.0,5,3,4,22,986098.4,True
950820.0,3,1,1,8,952460.45,True
803540.0,2,2,2,14,944084.6,True
951860.0,8,2,1,22,914458.55,True
967120.0,2,1,2,2,900892.0,True
951570.0,2,2,1,15,900326.0,True
818300.0,4,1,3,6,896900.0,True
7504090.0,10,1,1,10,888009.6,True
802740.0,5,4,5,7,882195.7999999999,True
7101930.0,2,1,1,6,875600.0,True
950930.0,2,1,1,7,867971.88,True
803420.0,2,1,2,4,867260.0,True
818060.0,2,1,1,8,863500.0,True
819140.0,5,2,3,5,855209.82,True
952060.0,4,2,1,8,846061.5,True
7101920.0,2,2,2,11,839328.0,True
802830.0,4,2,4,4,838571.67,True
802560.0,5,2,2,9,835845.6,True
967970.0,3,1,1,5,798012.0,True
950800.0,2,1,1,6,788474.06,True
961630.0,6,2,1,11,779522.51,True
801820.0,8,1,1,44,764753.6,True
7701180.0,6,1,1,34,764647.1799999999,True
7100040.0,3,2,1,34,737524.0,True
7500280.0,3,2,1,5,733116.0,True
800120.0,6,2,2,24,731232.0,True
951170.0,2,1,1,6,721121.6,True
952130.0,7,2,1,7,721081.98,True
815230.0,3,1,1,3,712562.1100000001,True
803090.0,3,1,1,4,704097.0,True
802780.0,2,2,2,3,695280.0,True
952160.0,4,2,1,7,689676.8200000001,True
951350.0,5,2,1,14,689592.03,True
951650.0,6,2,1,11,686948.04,True
809110.0,2,1,1,5,678500.0,True
951340.0,7,1,1,13,676162.5,True
806330.0,2,1,2,12,673871.0,True
802930.0,2,2,2,24,668290.09,True
7100310.0,5,2,2,6,648077.3999999999,True
818070.0,3,2,3,4,646113.0,True
7101690.0,2,1,1,9,638118.0,True
801810.0,7,1,1,47,622994.0,True
7101510.0,2,2,2,30,621621.0,True
951190.0,3,1,1,10,613564.08,True
7300630.0,3,2,1,4,611030.24,True
817410.0,2,1,2,2,602804.12,True
7503340.0,4,1,1,4,599394.5,True
818850.0,9,3,5,12,593742.15,True
951480.0,3,1,1,7,586329.75,True
950940.0,3,1,1,7,585162.0,True
816500.0,2,1,1,6,582132.0,True
800220.0,7,3,4,27,581313.2,True
7201850.0,4,1,1,13,578466.28,True
7503210.0,3,2,2,4,578000.0,True
969450.0,5,2,3,9,577102.0,True
969640.0,6,2,1,6,576300.0,True
803150.0,3,3,3,12,572430.6,True
818710.0,5,3,5,17,560279.06,True
808340.0,2,2,2,8,552730.0,True
910560.0,9,2,2,370,547513.54,True
802320.0,4,1,2,15,539015.71,True
817150.0,7,1,1,12,533769.5,True
940000.0,5,1,1,16,527630.0,True
7100740.0,2,2,2,2,523024.0,True
7500340.0,4,3,1,7,519469.7,True
802920.0,2,1,1,46,514533.26,True
7100190.0,2,2,1,4,507541.9,True
951770.0,5,2,1,7,506065.6,True
801980.0,7,1,1,73,502677.69,True
951580.0,4,1,1,6,499523.9,True
813460.0,3,1,2,3,496668.0,True
951800.0,4,1,1,7,494713.1,True
980150.0,5,2,4,5,491988.0,True
809140.0,2,2,2,5,490253.0,True
950120.0,2,1,1,2,486570.0,True
951410.0,5,1,1,7,482738.16000000003,True
816110.0,2,1,2,6,477332.04,True
818960.0,7,1,5,7,473532.72,True
960300.0,4,1,1,9,472342.85,True
801390.0,2,1,1,2,470001.0,True
950920.0,3,1,1,16,467859.7,True
819070.0,8,1,5,8,467376.70999999996,True
7102000.0,6,3,3,7,455868.0,True
961110.0,3,1,2,7,452406.0,True
7101530.0,4,3,3,19,442622.0,True
818750.0,5,2,5,5,442238.0,True
801190.0,9,2,1,22,441883.4,True
815840.0,4,1,1,8,435072.0,True
817510.0,4,2,2,4,431894.0,True
950030.0,5,2,1,8,422008.0,True
951620.0,2,2,1,4,421459.8,True
802180.0,4,1,2,12,419727.9,True
818700.0,7,2,5,7,413869.75,True
980010.0,8,2,4,11,413074.18,True
802790.0,4,2,4,26,409196.94,True
920760.0,3,1,1,8,408504.0,True
818900.0,9,2,6,13,407469.65,True
952100.0,5,1,1,11,398921.11,True
818800.0,6,3,3,31,398653.5,True
7705500.0,3,1,3,6,395844.73,True
818950.0,7,1,5,9,388685.0,True
818670.0,5,1,1,5,387800.0,True
952000.0,5,1,1,19,387412.5,True
802330.0,4,1,3,15,387106.36,True
951850.0,3,1,1,3,386154.53,True
951140.0,4,1,1,4,385500.0,True
800000.0,5,1,1,21,384370.38,True
801920.0,6,2,1,11,383220.05,True
808120.0,2,1,2,2,383000.0,True
951400.0,5,2,1,7,376170.12,True
819220.0,5,4,5,9,374125.0,True
951780.0,2,1,1,6,368061.76,True
951630.0,3,1,1,4,365809.5,True
802980.0,2,2,2,2,362317.5,True
818990.0,8,1,5,12,361104.18,True
801610.0,2,1,1,23,355139.3,True
951610.0,3,1,1,3,353022.0,True
811110.0,5,3,5,8,346612.8,True
969620.0,4,1,2,4,343614.0,True
969460.0,3,1,2,3,339772.0,True
969850.0,6,1,5,7,338581.0,True
817310.0,4,2,2,10,336009.64,True
801960.0,8,3,1,54,334705.57,True
817780.0,2,1,2,3,333216.74,True
802170.0,6,3,2,20,333155.58,True
817980.0,3,1,2,6,332037.0,True
951900.0,2,2,1,11,331242.96,True
950250.0,2,1,1,2,321975.0,True
801300.0,5,2,1,8,319181.6,True
980050.0,9,1,7,14,315416.15,True
802060.0,6,3,2,16,311372.78,True
818760.0,4,2,2,7,308732.0,True
7300460.0,2,1,1,3,305747.52,True
910570.0,2,1,1,127,305205.42,True
818860.0,7,1,3,7,300640.0,True
819200.0,10,1,7,11,297718.72,True
7500260.0,3,1,1,4,297015.2,True
960170.0,4,1,1,7,288576.0,True
802120.0,5,3,1,12,286080.0,True
961540.0,2,1,1,2,280717.85,True
969570.0,5,1,1,6,276852.0,True
969940.0,5,1,3,6,275941.02,True
800560.0,4,2,1,12,274727.0,True
951220.0,5,1,1,19,273810.0,True
7101730.0,2,1,1,10,273000.0,True
808470.0,3,2,3,3,272478.75,True
800040.0,7,2,1,27,268954.7,True
969720.0,4,2,3,7,265215.0,True
817640.0,6,2,3,7,264161.1,True
7300470.0,2,1,1,3,257300.38999999998,True
800110.0,8,2,1,14,256945.2,True
951960.0,8,2,1,11,255411.4,True
951870.0,5,1,1,10,254776.0,True
801030.0,7,2,1,48,253865.5,True
7101990.0,4,3,3,5,253743.9,True
819130.0,7,2,4,13,252820.0,True
801520.0,6,1,1,6,250533.6,True
803410.0,3,1,1,3,249020.0,True
962470.0,2,2,2,10,247177.1,True
910640.0,2,1,1,7,245475.0,True
951830.0,3,1,1,4,244582.0,True
801970.0,8,3,1,71,244576.41,True
940830.0,4,3,2,15,243048.0,True
816170.0,2,1,1,3,239220.0,True
951210.0,2,2,1,4,238089.3,True
818180.0,4,1,2,4,237620.0,True
969690.0,8,1,5,8,236674.0,True
952150.0,3,2,1,3,236008.3,True
960450.0,5,1,1,7,235686.0,True
801470.0,8,1,1,14,235143.0,True
969700.0,8,2,4,8,234034.75,True
804140.0,2,2,2,6,233891.88,True
814690.0,2,1,2,9,232693.2,True
808500.0,2,2,2,3,232499.2,True
801930.0,6,2,1,8,232240.16,True
807100.0,5,1,2,9,231617.25,True
818580.0,2,1,1,4,231060.0,True
801620.0,3,1,2,7,229020.0,True
811860.0,3,2,2,4,227165.0,True
950910.0,2,1,1,3,227150.0,True
800080.0,5,2,1,12,225562.6,True
951690.0,2,1,1,6,224990.0,True
951360.0,4,1,1,6,224280.0,True
980020.0,3,1,2,3,221449.38,True
7703090.0,3,1,2,6,218920.15,True
7101960.0,4,2,4,7,214969.4,True
807710.0,4,2,2,6,213245.0,True
952120.0,6,2,1,8,213172.18,True
980100.0,7,1,2,7,211426.0,True
969860.0,9,1,3,9,208932.0,True
817450.0,2,2,2,5,206657.5,True
951640.0,6,1,1,6,206619.0,True
801500.0,4,1,1,12,204917.0,True
7701200.0,3,2,1,5,203920.5,True
801330.0,2,1,1,4,201300.0,True
819360.0,4,1,4,14,200945.0,True
805250.0,2,1,2,3,199250.0,True
817200.0,2,1,2,2,196750.0,True
969980.0,8,1,4,8,194910.0,True
7500550.0,2,1,2,3,194010.0,True
962730.0,2,1,1,2,192948.0,True
802130.0,8,2,1,45,192281.63,True
951310.0,2,1,1,3,191103.74,True
969710.0,5,1,4,5,190626.0,True
7503890.0,2,1,1,3,189680.0,True
819090.0,6,2,3,6,188520.0,True
808080.0,3,1,3,4,187986.0,True
966690.0,6,2,3,6,181942.2,True
7504070.0,5,3,3,9,181100.0,True
803060.0,3,1,3,3,179450.0,True
7400030.0,3,2,1,3,179112.0,True
818870.0,5,1,3,13,175837.64,True
951990.0,4,1,1,8,175456.77,True
819080.0,8,2,3,10,175438.0,True
819160.0,8,2,7,8,175189.4,True
801020.0,5,2,1,19,175139.0,True
801350.0,3,2,1,4,174920.0,True
980040.0,9,1,2,12,174810.0,True
7701170.0,3,1,1,4,173679.6,True
969420.0,2,1,1,2,173378.0,True
817870.0,2,1,2,2,172710.0,True
818940.0,3,2,3,4,172487.98,True
801560.0,3,1,1,4,172400.0,True
803720.0,2,1,2,2,170730.89,True
804220.0,3,1,2,4,170697.0,True
801590.0,2,1,1,3,170470.0,True
940040.0,4,1,2,11,170195.0,True
818810.0,7,3,4,19,170137.79,True
802870.0,5,1,4,18,169295.27000000002,True
980110.0,8,1,5,15,168842.1,True
921600.0,3,1,1,3,167611.43,True
801010.0,7,2,2,29,167115.53,True
969990.0,7,2,6,7,166950.54,True
819210.0,5,3,2,5,165170.64,True
960500.0,4,1,1,8,163419.8,True
818980.0,4,1,1,6,163380.0,True
966040.0,2,1,1,5,161800.0,True
818920.0,7,1,5,8,160669.66,True
7500250.0,2,2,2,8,159302.0,True
812300.0,2,1,2,3,159000.0,True
800620.0,4,2,2,9,156469.0,True
7101370.0,2,2,2,3,155862.0,True
800130.0,7,2,2,20,155028.03,True
810450.0,5,1,4,23,154773.88,True
7500470.0,7,1,2,16,152940.0,True
969300.0,2,1,2,5,152051.0,True
801200.0,8,2,1,15,151734.0,True
980250.0,8,2,2,8,151115.76,True
817300.0,4,2,2,4,150972.3,True
800490.0,8,2,2,15,150062.7,True
809090.0,2,1,2,4,149254.0,True
816800.0,3,1,3,5,148777.72,True
805740.0,3,1,3,5,148731.01,True
800150.0,2,1,1,25,147797.86,True
940560.0,4,1,2,10,145905.0,True
951330.0,4,2,1,5,145750.0,True
7503760.0,2,2,2,4,144900.0,True
816580.0,3,2,3,4,143680.0,True
801130.0,5,1,1,14,143074.0,True
808700.0,3,2,2,5,142815.5,True
963870.0,2,1,1,3,142570.0,True
950840.0,3,1,1,4,142220.0,True
7300310.0,3,1,1,3,141994.72,True
812890.0,4,2,2,24,141728.84,True
951180.0,3,1,1,8,140536.0,True
7300600.0,5,2,1,20,140191.28,True
803450.0,4,4,3,5,139635.02,True
951720.0,2,2,1,3,138839.36,True
7502650.0,3,1,1,3,138484.75,True
801640.0,4,1,1,16,137346.63999999998,True
801630.0,7,1,1,17,137226.85,True
813020.0,2,2,2,8,137203.0,True
802660.0,2,2,2,2,136790.0,True
806680.0,3,2,3,3,136750.0,True
812770.0,6,1,1,42,136222.57,True
980030.0,6,2,5,9,135103.0,True
940510.0,2,1,1,2,134700.0,True
816180.0,2,1,1,2,134270.0,True
801170.0,5,1,1,6,132322.5,True
7503130.0,2,1,2,6,132158.4,True
811720.0,2,1,2,3,132120.18,True
965990.0,2,1,1,2,131800.0,True
800100.0,6,2,1,14,131701.42,True
7300620.0,2,1,1,2,129652.3,True
960620.0,2,1,1,4,129292.0,True
817190.0,4,2,3,5,128563.64,True
7300640.0,7,2,1,7,127905.0,True
7300270.0,2,1,1,2,126872.5,True
980190.0,6,3,2,10,126580.0,True
802220.0,3,1,1,4,126432.5,True
800870.0,4,1,1,6,126062.0,True
7501170.0,2,1,1,3,124188.6,True
964970.0,2,1,2,5,123390.0,True
814700.0,3,1,2,4,122315.0,True
809450.0,4,2,2,9,122160.0,True
804360.0,2,2,2,3,121276.0,True
817770.0,10,1,1,20,120497.82,True
804660.0,4,2,4,6,119678.24,True
963580.0,2,1,1,2,118800.0,True
807250.0,3,2,2,6,118440.0,True
7101850.0,4,3,1,5,117184.5,True
817280.0,2,1,1,2,116800.0,True
815260.0,2,1,2,2,116161.0,True
805060.0,4,1,3,5,115742.0,True
805530.0,4,2,2,9,115688.0,True
7500410.0,2,1,2,3,115678.72,True
910540.0,10,2,1,263,115552.98,True
951370.0,2,2,1,3,114992.34,True
806190.0,2,2,2,2,114665.0,True
967980.0,2,1,2,4,114571.62,True
814950.0,2,1,2,2,114299.32,True
7503590.0,2,2,1,2,114000.0,True
816950.0,10,1,1,11,113045.40000000001,True
960120.0,2,1,1,2,112288.0,True
807910.0,3,2,1,10,112150.0,True
806320.0,4,1,1,13,111440.36,True
800680.0,4,1,1,21,111340.0,True
802580.0,2,1,2,4,111111.88,True
961640.0,4,2,1,6,110966.37,True
800050.0,8,2,1,19,110447.9,True
7502320.0,2,1,1,2,110100.0,True
801800.0,3,2,2,30,108877.8,True
815440.0,4,1,4,8,108450.0,True
967420.0,6,3,1,9,108276.0,True
800610.0,7,2,1,15,107242.5,True
7503490.0,2,1,2,2,106883.78,True
968820.0,2,1,2,2,106800.0,True
951680.0,3,1,1,4,106478.0,True
969580.0,4,1,1,6,104975.0,True
803310.0,2,2,2,7,104080.0,True
817270.0,3,1,2,3,103810.0,True
815470.0,3,1,3,5,102984.81,True
814290.0,3,2,2,5,102525.13,True
7102010.0,5,3,5,5,102352.7,True
812710.0,5,1,1,29,101995.54,True
962140.0,2,2,2,2,101700.0,True
951910.0,2,1,1,2,99163.4,True
817690.0,2,1,1,2,98970.0,True
7100730.0,2,1,1,2,98766.0,True
910550.0,3,1,1,103,98716.77,True
818680.0,5,1,3,5,98215.38,True
963780.0,3,2,2,5,97855.48,True
951840.0,2,1,1,3,97536.74,True
801180.0,3,2,1,10,97118.6,True
802730.0,2,1,2,5,96849.58,True
969960.0,4,2,1,5,96840.0,True
811820.0,2,2,2,3,96600.0,True
810230.0,3,1,3,4,95990.0,True
805340.0,2,2,2,4,94406.8,True
805320.0,3,1,2,3,94325.0,True
7701160.0,3,1,2,7,94238.92,True
814600.0,2,1,2,10,94080.0,True
815530.0,2,2,2,7,93663.57,True
809530.0,2,1,1,3,93602.0,True
966470.0,2,1,2,2,93070.0,True
7705030.0,3,1,2,7,92861.33,True
801860.0,7,1,1,9,92229.83,True
801540.0,2,1,1,3,90384.0,True
7101180.0,2,2,2,3,90006.0,True
815540.0,2,2,2,2,89775.0,True
965820.0,2,2,2,3,89404.85,True
800160.0,7,1,1,18,88797.0,True
819020.0,8,1,5,10,88284.34,True
7701530.0,3,1,1,6,87951.76000000001,True
805900.0,3,1,1,5,87334.0,True
801510.0,5,1,1,10,86837.0,True
813740.0,3,3,3,4,86181.1,True
962020.0,3,1,1,13,85733.31,True
7707660.0,3,2,2,4,85036.95999999999,True
817750.0,10,1,1,10,84153.2,True
961150.0,4,2,1,5,83162.0,True
819310.0,6,2,5,6,82335.0,True
805240.0,2,1,2,2,81360.0,True
969950.0,9,2,2,9,81312.02,True
801150.0,7,1,1,19,81056.0,True
910530.0,3,1,1,67,80859.49,True
801830.0,3,1,1,5,80813.0,True
966330.0,2,1,1,3,80436.0,True
980090.0,4,1,4,4,79850.0,True
7503010.0,4,1,1,6,79350.0,True
965030.0,2,2,2,3,79200.0,True
800640.0,7,1,1,29,79147.8,True
817740.0,3,1,2,4,78813.56,True
980140.0,4,1,4,4,78790.0,True
7100200.0,3,2,2,11,78743.2,True
801460.0,3,1,1,7,78023.0,True
818590.0,5,1,3,6,77899.4,True
800530.0,7,1,1,25,77286.0,True
811050.0,3,1,2,4,77236.0,True
952020.0,2,1,1,3,77074.90000000001,True
952010.0,2,1,1,6,76694.0,True
810170.0,2,1,1,4,76395.0,True
806290.0,4,2,3,8,76340.0,True
807040.0,2,1,2,3,76095.0,True
817370.0,3,2,2,3,75840.0,True
807020.0,2,1,2,19,74929.85,True
969870.0,10,1,2,10,74927.0,True
7700720.0,8,1,1,14,74694.92,True
969810.0,8,2,2,8,74367.0,True
800990.0,3,2,2,9,74226.25,True
801790.0,6,1,1,41,73906.51,True
817760.0,10,1,2,12,73673.04000000001,True
7100220.0,4,2,1,5,73633.2,True
7100260.0,2,2,2,6,73278.5,True
805510.0,3,1,3,6,73240.8,True
980240.0,6,2,4,6,72823.2,True
969660.0,5,2,4,5,72600.0,True
7504000.0,7,1,1,11,72240.0,True
809840.0,2,2,2,6,72049.0,True
940840.0,2,2,1,2,71563.0,True
962080.0,2,2,2,2,71389.0,True
815090.0,2,1,2,4,70800.0,True
980000.0,6,3,4,7,70060.0,True
802230.0,4,3,2,13,69823.6,True
807390.0,3,1,3,5,69604.0,True
805700.0,2,1,2,4,68190.0,True
803440.0,4,2,3,10,67993.28,True
7100130.0,3,3,1,7,67899.0,True
951540.0,5,1,1,5,66480.0,True
819370.0,3,1,3,3,65856.92,True
965250.0,2,1,2,2,65632.0,True
806200.0,4,1,3,6,65609.98,True
952070.0,2,1,1,2,65000.0,True
801600.0,4,1,2,10,64738.0,True
814710.0,4,3,3,15,64646.56,True
7704670.0,2,1,2,8,64161.619999999995,True
800030.0,7,3,1,23,64041.88,True
807510.0,5,1,3,13,63486.2,True
964280.0,2,1,2,2,63300.0,True
819240.0,2,1,2,4,62189.92,True
980330.0,3,1,3,3,62050.0,True
7708460.0,10,2,6,14,61774.38,True
812290.0,3,1,3,5,61751.26,True
800140.0,5,2,1,11,61331.49,True
818410.0,3,1,2,3,61239.83,True
812430.0,3,2,3,4,60588.04,True
808730.0,6,1,1,9,60483.0,True
980170.0,6,1,5,7,60107.57,True
962200.0,2,1,1,7,59960.0,True
814220.0,2,2,2,3,59925.0,True
7708090.0,2,1,1,4,59719.659999999996,True
818570.0,2,2,1,6,59510.490000000005,True
800500.0,3,1,1,4,59400.0,True
800580.0,8,1,1,10,58814.0,True
808870.0,4,2,4,7,58614.799999999996,True
801210.0,7,1,1,10,58099.0,True
817910.0,2,1,2,2,57950.0,True
800910.0,3,1,1,6,57736.54,True
801490.0,4,1,1,8,57602.0,True
805170.0,2,1,2,2,57428.22,True
800710.0,6,1,1,17,57293.0,True
804340.0,2,1,2,6,56758.0,True
7504060.0,8,2,3,8,55930.0,True
7707940.0,2,1,1,2,55911.84,True
809560.0,2,1,1,2,55550.0,True
7504010.0,3,1,2,7,55482.0,True
7708480.0,10,1,4,12,55194.3,True
980210.0,4,2,4,5,54860.6,True
819250.0,3,1,3,3,54750.0,True
7708370.0,10,1,6,13,54678.96,True
980160.0,4,2,4,4,54578.0,True
802720.0,5,2,2,9,54548.63,True
960150.0,2,1,1,4,54037.0,True
808950.0,3,1,1,10,53854.0,True
7705620.0,2,1,2,4,53060.16,True
806050.0,2,2,2,2,52748.5,True
961450.0,2,2,1,4,52748.0,True
963770.0,2,2,2,2,52576.2,True
7701030.0,4,1,1,6,52363.85,True
807330.0,3,2,3,3,52241.0,True
807920.0,4,2,1,14,52150.0,True
807270.0,5,2,3,16,52100.7,True
7705580.0,3,1,2,5,52033.04,True
802520.0,2,1,1,4,51823.0,True
7300170.0,2,1,1,2,51400.0,True
803490.0,2,1,2,3,51384.0,True
7705690.0,3,1,1,3,51225.0,True
802290.0,3,2,2,5,51025.0,True
7101800.0,2,2,2,9,50864.4,True
819030.0,8,1,5,8,50521.21,True
961850.0,2,1,1,2,50200.0,True
951230.0,3,1,1,7,49665.2,True
806170.0,2,1,1,5,49575.78,True
816940.0,5,1,2,6,49486.5,True
818910.0,3,2,3,3,49260.0,True
969110.0,2,1,2,2,49125.0,True
808050.0,3,1,1,18,49012.2,True
980380.0,2,1,2,2,49002.0,True
805610.0,3,3,3,3,48328.0,True
7701070.0,6,1,1,6,48250.0,True
969350.0,2,1,2,3,47400.0,True
960920.0,6,2,1,8,46586.6,True
815800.0,2,1,2,5,46517.6,True
800630.0,6,3,1,9,46340.0,True
7708400.0,10,2,4,11,46282.9,True
803190.0,2,1,2,3,46240.64,True
817620.0,2,1,1,7,46031.8,True
818010.0,2,1,2,2,45900.0,True
812400.0,2,2,2,8,45837.5,True
962160.0,3,1,3,6,45313.0,True
969210.0,2,1,1,4,45240.0,True
7100210.0,2,1,1,2,45167.7,True
980290.0,6,2,3,7,45109.9,True
805360.0,3,1,2,7,44720.0,True
7500040.0,4,1,1,5,44509.89,True
811070.0,2,2,2,3,44340.0,True
802390.0,2,2,1,4,44150.0,True
7706080.0,3,1,2,3,43975.4,True
814000.0,2,1,2,2,43955.93,True
961970.0,2,2,1,4,43898.0,True
800670.0,4,1,1,16,43041.0,True
805180.0,4,1,4,4,42975.0,True
7500480.0,2,1,2,4,42890.0,True
810470.0,3,1,2,4,42690.4,True
802700.0,2,1,2,2,42682.15,True
7708020.0,2,1,2,2,42654.060000000005,True
809940.0,2,1,2,4,42644.05,True
815150.0,4,2,2,9,42596.35,True
7707310.0,2,2,2,4,42527.1,True
7708320.0,8,1,5,9,42271.61,True
810970.0,2,1,1,2,42200.0,True
960290.0,3,1,2,7,42135.0,True
818530.0,2,1,1,13,42075.0,True
818130.0,2,1,2,5,41911.0,True
801280.0,3,1,2,4,41687.53,True
951280.0,2,2,1,2,41468.0,True
812500.0,3,1,2,5,41404.08,True
7701770.0,4,1,3,5,41204.020000000004,True
965580.0,2,1,2,2,41100.0,True
817570.0,2,2,2,2,41080.3,True
808720.0,6,1,1,11,41080.0,True
808460.0,3,2,2,4,41050.0,True
980130.0,8,1,3,8,40527.3,True
7702600.0,2,1,2,4,40100.600000000006,True
810530.0,3,1,3,4,39988.380000000005,True
969910.0,3,2,2,3,39450.0,True
808020.0,3,1,2,13,39375.0,True
980080.0,2,1,1,2,39250.0,True
980260.0,8,1,2,8,39167.5,True
7708290.0,10,1,8,17,39103.68,True
800540.0,9,1,1,18,38957.9,True
812700.0,4,2,3,8,38536.64,True
804280.0,2,1,2,3,38488.0,True
800730.0,5,1,1,16,38432.0,True
7708430.0,9,1,3,12,38316.0,True
7701710.0,3,2,1,6,38309.48,True
7708190.0,6,1,2,6,38301.71,True
805500.0,3,3,3,4,38277.1,True
800070.0,6,3,2,13,38269.54,True
816960.0,9,1,1,9,38100.490000000005,True
818170.0,3,1,2,5,37854.0,True
7400060.0,2,1,2,3,37600.0,True
801140.0,6,1,1,17,37360.5,True
7504050.0,10,2,2,11,36926.0,True
7504020.0,8,2,2,8,36910.0,True
7703030.0,2,1,2,2,36540.6,True
940060.0,6,3,2,10,36372.0,True
980320.0,5,1,2,5,36320.0,True
7705420.0,3,1,2,4,36250.0,True
7708010.0,2,1,2,4,36180.12,True
804270.0,5,1,3,8,35930.520000000004,True
7504100.0,5,1,1,7,35577.5,True
810900.0,2,2,2,4,35560.0,True
969920.0,5,1,2,6,35040.0,True
807760.0,2,1,1,2,34895.0,True
965320.0,2,1,2,2,34800.0,True
7101200.0,3,1,1,8,34795.0,True
961190.0,2,2,1,6,34624.729999999996,True
7700490.0,4,2,1,7,34371.8,True
969880.0,6,1,2,6,33702.0,True
966460.0,2,2,2,2,33700.0,True
812350.0,2,1,2,2,33554.0,True
808150.0,4,2,3,11,33460.2,True
803980.0,2,2,2,3,33440.0,True
7703510.0,4,2,2,7,33121.880000000005,True
818200.0,3,3,3,3,32837.0,True
801000.0,5,2,1,8,32780.4,True
801440.0,5,1,1,7,32670.0,True
802710.0,4,1,3,7,32583.9,True
7700230.0,2,1,1,3,32541.0,True
7708500.0,8,2,6,8,32516.309999999998,True
812720.0,5,2,1,18,32467.63,True
7706190.0,3,2,2,3,32456.0,True
7708300.0,9,1,3,12,32255.579999999998,True
800950.0,6,2,1,14,32238.3,True
963350.0,2,1,2,2,32019.0,True
7503970.0,2,2,1,2,31911.1,True
811470.0,2,1,1,3,31900.0,True
980300.0,5,1,3,5,31450.0,True
815240.0,2,1,2,4,31382.87,True
980070.0,8,3,1,9,31342.43,True
7704340.0,2,1,2,2,31335.3,True
814880.0,5,1,1,10,31050.0,True
967720.0,3,2,3,3,31050.0,True
812120.0,3,1,3,4,30900.0,True
7705890.0,2,1,2,3,30814.0,True
801770.0,6,1,1,8,30760.0,True
961650.0,5,3,2,5,30637.5,True
7100250.0,3,3,1,7,30620.0,True
813580.0,2,1,1,9,30606.2,True
800300.0,2,1,1,6,30603.98,True
819100.0,5,2,5,6,30603.440000000002,True
809780.0,6,1,2,19,30520.9,True
980230.0,7,1,2,8,30500.0,True
7706460.0,3,1,2,3,30422.9,True
818730.0,5,3,3,5,30381.56,True
804730.0,4,2,2,8,30348.4,True
801080.0,6,1,1,14,30281.4,True
802140.0,3,3,2,10,30239.0,True
960380.0,2,1,1,4,30113.600000000002,True
960190.0,2,1,1,3,30035.0,True
800550.0,5,1,1,10,29931.78,True
961420.0,2,1,1,2,29616.0,True
960460.0,4,1,1,5,29498.5,True
960540.0,5,1,1,6,29496.31,True
811040.0,2,1,2,2,29378.0,True
810640.0,3,1,2,5,29329.95,True
810390.0,3,1,1,3,29300.0,True
805890.0,2,1,2,2,29221.0,True
960780.0,4,1,1,5,29162.0,True
967550.0,2,2,2,2,29109.0,True
960510.0,5,1,1,7,29103.0,True
7704620.0,3,1,2,5,29008.770000000004,True
960490.0,3,1,1,5,28968.0,True
819340.0,2,2,2,2,28640.0,True
805010.0,2,1,2,2,28488.39,True
814550.0,3,1,3,4,28487.85,True
969360.0,2,1,1,2,28478.0,True
969590.0,3,3,3,4,28360.0,True
809460.0,2,1,2,2,28300.0,True
7702160.0,2,1,2,2,28170.3,True
802840.0,2,2,2,3,27980.8,True
980350.0,5,1,4,5,27962.0,True
800090.0,5,1,1,13,27924.6,True
7501320.0,2,1,1,2,27827.0,True
801950.0,3,3,1,19,27739.18,True
802970.0,4,2,3,4,27527.0,True
7500510.0,4,1,1,8,27506.0,True
817650.0,3,1,2,4,27490.0,True
807240.0,2,1,2,7,27445.41,True
7503980.0,2,1,1,2,27440.0,True
804230.0,2,1,2,5,27391.0,True
812760.0,5,2,1,20,27277.19,True
800900.0,2,2,1,3,27196.02,True
812660.0,5,1,1,12,27034.1,True
7700220.0,3,1,1,3,26892.2,True
7705330.0,3,1,3,3,26792.78,True
7708280.0,7,1,5,7,26592.760000000002,True
7706250.0,2,1,2,2,26493.3,True
809550.0,3,1,1,3,26455.0,True
969650.0,4,1,2,4,26452.0,True
806080.0,5,1,3,6,26350.079999999998,True
815100.0,2,2,2,2,26340.0,True
7707200.0,3,1,1,6,26238.39,True
969680.0,2,1,2,2,26219.0,True
802080.0,4,1,1,7,26184.300000000003,True
817820.0,2,1,2,7,25987.2,True
815890.0,2,1,1,2,25980.0,True
803770.0,2,2,2,5,25960.0,True
801430.0,3,1,1,4,25832.0,True
7400810.0,2,1,1,2,25800.0,True
7700620.0,2,1,1,9,25796.92,True
808740.0,2,2,2,2,25740.0,True
808900.0,2,2,2,2,25550.0,True
809510.0,2,1,2,3,25488.0,True
812640.0,2,1,2,2,25439.6,True
7705490.0,2,1,2,3,25437.579999999998,True
814180.0,2,2,2,9,25319.36,True
7502920.0,2,1,2,3,25079.0,True
800830.0,4,1,1,9,25021.0,True
801100.0,3,1,1,4,25000.0,True
969170.0,2,1,1,2,25000.0,True
7706970.0,3,1,2,3,24702.989999999998,True
969800.0,6,1,3,6,24491.0,True
815980.0,5,2,1,12,24471.5,True
7708390.0,10,1,4,12,24410.68,True
809440.0,3,1,3,6,24091.52,True
812980.0,2,2,2,6,24084.690000000002,True
801450.0,4,1,1,4,24016.0,True
961010.0,4,1,1,4,23805.0,True
910580.0,6,1,1,107,23800.6,True
806790.0,2,1,2,5,23632.32,True
801690.0,5,2,1,17,23564.0,True
960080.0,2,1,2,2,23500.0,True
967260.0,4,1,1,4,23305.0,True
910840.0,2,1,1,20,23270.0,True
818350.0,3,1,3,3,23250.0,True
803020.0,2,1,1,6,23000.0,True
808290.0,2,1,2,3,22969.64,True
802240.0,2,2,1,4,22895.0,True
7705920.0,3,1,2,4,22650.0,True
806060.0,4,2,4,8,22636.18,True
800060.0,6,2,1,14,22625.64,True
7706680.0,2,1,1,4,22536.0,True
800800.0,6,1,1,9,22516.0,True
807500.0,2,2,2,3,22502.74,True
7708350.0,7,1,4,8,22469.809999999998,True
7706000.0,3,2,2,3,22410.0,True
810120.0,2,1,1,3,22400.0,True
7704990.0,4,1,3,5,22008.59,True
980120.0,5,1,4,5,21949.0,True
7705610.0,3,1,3,3,21945.48,True
812650.0,3,2,2,7,21854.0,True
802300.0,2,2,2,3,21817.0,True
805920.0,4,1,3,5,21726.2,True
806300.0,3,2,2,6,21700.0,True
811950.0,2,1,2,2,21650.0,True
910950.0,2,1,2,6,21593.0,True
960770.0,2,1,1,3,21440.0,True
961100.0,2,1,1,2,21315.0,True
7701850.0,2,2,2,4,21299.0,True
960110.0,2,2,2,2,21284.0,True
800180.0,6,1,1,8,21221.0,True
818930.0,7,1,5,7,21124.22,True
7300290.0,2,1,1,3,21123.6,True
800310.0,2,1,1,8,21120.0,True
7705700.0,3,1,2,3,21100.0,True
961170.0,2,1,1,2,20945.0,True
7700390.0,3,1,1,4,20859.0,True
813980.0,2,1,1,2,20848.0,True
808090.0,2,1,2,2,20747.16,True
7700540.0,3,2,2,3,20733.239999999998,True
801070.0,4,1,1,7,20706.0,True
801250.0,2,1,1,3,20670.0,True
812740.0,7,3,1,14,20617.14,True
7503600.0,2,1,1,2,20490.65,True
7707810.0,6,1,4,9,20447.54,True
7708310.0,9,2,4,15,20314.0,True
7704440.0,2,1,1,4,20305.0,True
7700400.0,4,2,1,4,20260.9,True
910900.0,2,2,1,16,20020.510000000002,True
800880.0,3,1,1,4,19944.0,True
808260.0,3,1,2,3,19881.92,True
966730.0,3,1,2,3,19826.52,True
7705510.0,2,1,2,3,19739.910000000003,True
7708450.0,9,2,3,9,19674.13,True
809130.0,2,2,2,2,19665.2,True
7700830.0,3,2,1,4,19586.64,True
801780.0,3,1,1,7,19570.0,True
809200.0,2,1,2,3,19546.61,True
810430.0,4,2,4,6,19490.43,True
801240.0,2,1,1,3,19220.0,True
7707130.0,3,1,3,4,19067.54,True
800970.0,8,1,1,15,19049.0,True
7708380.0,9,1,6,10,18963.11,True
7702140.0,2,1,2,3,18937.0,True
809370.0,2,1,1,2,18876.0,True
963810.0,3,1,1,3,18800.0,True
7708490.0,8,1,5,8,18791.02,True
7501210.0,2,2,2,2,18769.15,True
809170.0,3,1,2,3,18645.0,True
7701800.0,3,1,2,3,18640.0,True
7702180.0,7,2,1,24,18570.2,True
7706380.0,2,1,2,2,18445.0,True
960790.0,3,1,1,3,18443.0,True
980200.0,6,1,5,6,18267.0,True
814820.0,4,2,1,13,18232.4,True
817060.0,6,2,5,7,18053.8,True
7700300.0,2,1,1,2,17983.5,True
7702590.0,2,2,2,3,17964.67,True
812730.0,6,2,1,21,17962.829999999998,True
806650.0,3,1,1,3,17959.4,True
806100.0,2,1,2,3,17909.5,True
7500150.0,3,1,1,3,17896.0,True
7708470.0,10,1,4,11,17683.5,True
811080.0,2,1,2,2,17662.7,True
7700410.0,7,1,1,9,17612.78,True
802070.0,2,2,1,10,17319.9,True
969930.0,6,1,2,6,17280.0,True
800650.0,2,1,1,2,17206.0,True
804320.0,2,1,2,4,17172.0,True
812830.0,2,1,1,3,17104.4,True
7708440.0,3,1,3,3,17069.73,True
813320.0,2,1,2,3,16980.08,True
812970.0,4,3,1,10,16871.66,True
809100.0,2,1,2,3,16720.0,True
7706230.0,2,1,2,2,16692.879999999997,True
7700210.0,3,1,1,3,16609.07,True
7701790.0,2,1,2,3,16600.0,True
960230.0,2,1,1,3,16450.0,True
980220.0,5,1,3,5,16421.22,True
803950.0,3,1,2,9,16359.0,True
7700130.0,2,1,1,3,16290.0,True
7701820.0,5,1,2,6,16282.54,True
7702540.0,2,2,2,4,16279.16,True
7706470.0,3,1,2,4,16123.54,True
818050.0,2,1,1,3,15891.95,True
7706420.0,3,1,2,5,15652.48,True
7500230.0,3,1,1,4,15580.0,True
802090.0,2,1,1,3,15564.0,True
817390.0,2,1,1,2,15498.0,True
7706780.0,3,1,3,3,15474.36,True
808820.0,2,2,2,3,15448.0,True
7708360.0,10,1,4,10,15396.460000000001,True
800720.0,6,1,1,16,15350.4,True
967620.0,2,1,1,2,15350.0,True
7708410.0,7,1,6,8,15233.779999999999,True
910820.0,2,1,1,10,15219.8,True
7701860.0,5,2,3,12,14911.66,True
932110.0,5,1,1,18,14825.42,True
812870.0,5,1,1,14,14794.92,True
817230.0,5,1,2,11,14770.85,True
801940.0,2,1,1,8,14711.2,True
931290.0,3,1,1,7,14708.460000000001,True
807870.0,2,2,2,2,14642.0,True
7702200.0,2,2,2,4,14614.0,True
803820.0,4,3,4,7,14559.0,True
816090.0,2,2,2,6,14550.0,True
961570.0,2,1,1,2,14500.0,True
810820.0,3,1,1,3,14400.0,True
7503190.0,2,1,1,2,14370.0,True
7705740.0,2,2,2,4,14328.0,True
951970.0,2,1,1,2,14300.0,True
951980.0,2,1,1,2,14300.0,True
7500010.0,3,2,1,4,14299.0,True
806460.0,2,1,1,5,14225.42,True
7700790.0,2,1,1,4,14205.4,True
960360.0,2,1,1,2,14196.0,True
7705660.0,4,1,2,4,14185.75,True
814620.0,6,3,1,13,14183.0,True
967430.0,5,2,1,5,14150.0,True
7503940.0,6,1,1,6,14130.0,True
818490.0,6,3,2,12,14101.0,True
963090.0,2,2,2,3,14074.5,True
812750.0,5,1,1,23,13827.18,True
809990.0,2,1,2,5,13793.3,True
812460.0,2,1,2,7,13755.0,True
962170.0,2,2,2,4,13674.0,True
7705970.0,2,1,2,4,13623.0,True
7704910.0,3,2,2,3,13612.55,True
7706610.0,3,1,2,3,13610.239999999998,True
813060.0,3,2,1,5,13505.48,True
800600.0,6,2,1,9,13494.0,True
960160.0,4,1,1,4,13489.2,True
7706260.0,2,2,2,2,13445.0,True
7702210.0,2,1,2,2,13395.32,True
980060.0,7,1,4,7,13180.0,True
7503610.0,3,1,1,3,13171.24,True
7701680.0,2,1,2,2,13130.0,True
7706840.0,3,1,1,3,13120.0,True
7705850.0,2,1,1,2,13056.0,True
806750.0,2,1,1,2,13036.0,True
818100.0,2,1,2,2,12918.65,True
7702490.0,2,1,2,4,12908.64,True
803940.0,3,1,2,5,12859.4,True
813300.0,2,2,1,3,12850.0,True
803810.0,2,1,1,7,12826.8,True
7708150.0,4,1,4,6,12780.460000000001,True
7706790.0,3,2,2,4,12684.0,True
7501340.0,2,1,1,2,12603.0,True
815220.0,2,2,2,4,12560.0,True
818110.0,3,2,3,5,12501.4,True
812990.0,4,2,2,4,12404.5,True
911010.0,2,1,1,34,12372.76,True
808040.0,2,1,2,2,12371.79,True
812790.0,2,2,1,6,12323.6,True
804820.0,2,1,2,2,12321.6,True
7701490.0,2,1,1,3,12304.0,True
810220.0,2,1,2,2,12288.4,True
960420.0,2,1,1,5,12190.0,True
813890.0,3,2,2,12,12099.96,True
802950.0,5,2,4,5,12093.0,True
818970.0,3,1,1,3,12070.0,True
802050.0,3,2,1,12,12017.24,True
806640.0,2,1,2,3,12000.0,True
808530.0,2,1,1,2,11999.0,True
805120.0,2,2,2,3,11885.0,True
810840.0,3,1,2,3,11867.64,True
7701050.0,2,1,1,2,11830.0,True
7706280.0,2,1,2,3,11806.99,True
810270.0,2,1,2,3,11764.76,True
960580.0,4,1,1,5,11713.0,True
7704650.0,2,1,2,3,11685.08,True
801670.0,4,2,1,6,11639.8,True
800750.0,6,1,1,9,11579.0,True
812780.0,5,3,2,11,11542.24,True
7503960.0,3,1,1,4,11522.56,True
7707110.0,2,1,2,6,11504.560000000001,True
961070.0,2,1,1,3,11486.0,True
960480.0,2,1,1,2,11468.0,True
819010.0,3,1,2,3,11457.66,True
811560.0,2,1,2,4,11442.869999999999,True
980280.0,7,3,5,10,11437.0,True
7705540.0,3,1,3,7,11433.6,True
7708050.0,2,1,2,2,11411.06,True
7701570.0,2,1,2,2,11350.36,True
7704980.0,3,1,2,3,11340.0,True
951730.0,2,1,1,2,11333.02,True
816750.0,2,1,1,2,11256.0,True
802190.0,2,2,1,2,11180.7,True
980310.0,4,1,2,4,11170.0,True
818470.0,2,1,2,2,11157.1,True
967840.0,2,2,2,2,11130.0,True
800010.0,4,2,1,4,11072.1,True
808590.0,2,2,1,4,11072.1,True
7704480.0,2,1,1,6,10975.44,True
7706480.0,3,1,3,3,10953.07,True
815990.0,3,2,2,7,10886.02,True
800760.0,4,1,2,11,10855.0,True
806980.0,2,1,2,3,10836.0,True
809230.0,2,1,2,2,10800.0,True
815970.0,3,1,1,4,10710.0,True
931910.0,2,2,2,12,10653.7,True
804250.0,2,2,2,3,10642.0,True
961610.0,2,1,2,2,10638.0,True
809830.0,3,1,3,4,10633.38,True
800940.0,3,1,1,6,10586.8,True
803030.0,3,1,3,4,10541.0,True
980360.0,3,1,1,3,10516.0,True
806340.0,3,1,2,3,10450.0,True
805750.0,2,1,1,3,10420.0,True
7704720.0,2,1,2,2,10264.0,True
800400.0,5,1,1,6,10230.0,True
805440.0,2,2,2,10,10179.6,True
818230.0,4,1,1,4,10169.46,True
7700380.0,2,1,1,4,10152.9,True
7708420.0,4,1,3,4,10075.0,True
807000.0,2,1,1,2,9904.0,True
802410.0,2,1,1,6,9835.27,True
961020.0,2,1,1,2,9792.0,True
815730.0,2,1,1,3,9784.8,True
969260.0,2,1,1,2,9630.0,True
7707220.0,3,1,2,3,9502.76,True
806140.0,2,1,2,3,9470.84,True
940100.0,2,2,1,5,9450.0,True
813640.0,3,2,3,6,9442.4,True
803520.0,2,2,2,4,9425.07,True
7707530.0,2,1,2,2,9420.380000000001,True
815270.0,2,2,2,3,9397.779999999999,True
7703380.0,3,2,2,3,9363.37,True
812270.0,2,2,2,4,9290.900000000001,True
800980.0,6,2,1,9,9280.0,True
7100240.0,2,2,2,3,9264.0,True
7705900.0,3,1,3,5,9252.9,True
818510.0,2,1,1,2,9250.0,True
961060.0,4,1,1,4,9203.0,True
968710.0,2,1,1,2,9200.0,True
964310.0,4,1,2,5,9174.0,True
969560.0,2,1,1,3,9150.0,True
816810.0,2,2,2,2,8996.6,True
818420.0,3,3,2,3,8906.0,True
7704970.0,2,1,2,3,8812.42,True
813490.0,2,1,2,2,8751.9,True
960310.0,4,1,1,4,8744.0,True
7701910.0,2,1,2,2,8742.0,True
816830.0,2,2,2,2,8692.0,True
951510.0,2,1,1,76,8690.0,True
7705050.0,5,1,4,5,8679.970000000001,True
802010.0,4,1,1,6,8655.0,True
808450.0,2,2,2,2,8654.0,True
7500180.0,2,1,1,2,8632.0,True
7702080.0,5,2,1,18,8549.94,True
812820.0,3,1,2,4,8530.0,True
980180.0,8,1,3,8,8495.3,True
7706920.0,4,1,3,4,8405.28,True
7504030.0,5,2,2,5,8392.5,True
819000.0,7,1,1,7,8369.24,True
812000.0,3,2,2,4,8368.13,True
7705060.0,2,1,2,2,8337.52,True
806660.0,2,1,1,2,8225.14,True
963000.0,5,1,1,8,8225.0,True
7705300.0,2,1,1,2,8203.14,True
7708270.0,3,1,1,3,8193.24,True
7706530.0,2,1,2,2,8179.9800000000005,True
7705310.0,4,1,3,5,8153.91,True
7703320.0,4,1,2,4,8047.5,True
7501560.0,2,1,2,2,8002.0,True
7701000.0,2,1,1,2,7940.0,True
800240.0,3,1,1,7,7930.0,True
7700860.0,2,1,1,2,7919.1900000000005,True
801400.0,3,1,1,5,7905.0,True
7701010.0,3,1,1,3,7872.0,True
7700920.0,2,1,1,3,7858.0,True
7701700.0,2,2,1,3,7814.1,True
7705390.0,3,1,3,3,7808.0,True
804260.0,2,1,1,2,7800.0,True
805650.0,2,2,2,2,7780.0,True
910940.0,3,2,1,13,7778.77,True
7501880.0,3,1,2,3,7775.0,True
7706980.0,2,1,2,2,7764.6,True
817040.0,3,2,2,4,7751.25,True
814770.0,5,1,2,15,7713.8,True
810260.0,2,2,2,2,7712.7,True
7704880.0,2,1,2,2,7677.96,True
7702980.0,3,1,2,3,7519.53,True
815010.0,2,2,2,6,7500.4,True
7704530.0,2,1,2,4,7425.0,True
813130.0,5,3,2,12,7407.85,True
803550.0,2,1,2,2,7387.0,True
961680.0,2,2,1,5,7372.5,True
806110.0,2,2,2,7,7353.96,True
805280.0,2,1,1,2,7256.0,True
816270.0,2,2,2,3,7196.95,True
7700420.0,3,1,1,5,7011.36,True
809880.0,4,2,2,6,7008.03,True
810280.0,2,1,1,2,7000.0,True
967590.0,2,1,1,2,7000.0,True
814890.0,2,1,1,3,6990.0,True
961690.0,3,1,1,6,6985.0,True
7708110.0,2,1,2,2,6956.56,True
805000.0,2,1,2,7,6865.08,True
7705730.0,2,1,2,2,6853.14,True
7701380.0,2,1,1,2,6798.0,True
7705020.0,2,2,2,4,6711.52,True
801270.0,2,1,1,5,6658.0,True
910620.0,4,1,1,50,6617.37,True
7702890.0,2,1,2,2,6600.0,True
809800.0,2,1,2,2,6590.0,True
817480.0,2,2,2,2,6540.75,True
807800.0,2,2,1,4,6456.84,True
815140.0,3,1,1,4,6431.4800000000005,True
812620.0,2,1,1,5,6431.42,True
7701630.0,2,1,2,3,6421.5599999999995,True
811000.0,3,1,1,3,6412.54,True
804680.0,2,1,2,8,6404.26,True
7503220.0,3,1,1,3,6400.0,True
805140.0,2,2,2,4,6395.0,True
814610.0,2,1,1,8,6385.2,True
7701880.0,2,2,2,5,6376.5199999999995,True
910740.0,3,2,1,4,6333.36,True
7500690.0,2,1,2,2,6330.0,True
800590.0,5,1,1,9,6299.0,True
807950.0,2,1,2,3,6279.0,True
7705010.0,4,2,1,6,6278.73,True
7504040.0,3,2,1,3,6273.0,True
808420.0,5,1,2,8,6246.62,True
809640.0,2,1,1,2,6224.5,True
7707990.0,2,1,1,2,6224.0,True
814730.0,2,2,2,5,6200.0,True
805430.0,2,1,2,2,6151.0,True
7701930.0,2,1,2,4,6133.42,True
910690.0,3,3,1,5,6131.5,True
819230.0,6,1,2,8,6113.22,True
815640.0,2,2,2,3,6100.0,True
806930.0,2,1,2,2,6094.96,True
801720.0,5,1,1,8,6055.6,True
805040.0,3,1,2,5,6045.06,True
812320.0,2,1,1,5,6018.0,True
961790.0,3,1,1,3,5990.0,True
7500190.0,2,1,1,2,5900.0,True
806690.0,2,1,1,3,5881.5,True
813590.0,2,2,1,5,5874.34,True
7701660.0,2,1,2,2,5845.8,True
812490.0,2,1,1,3,5788.32,True
802200.0,3,2,1,5,5769.15,True
7705130.0,2,1,2,2,5763.24,True
816610.0,2,1,1,6,5735.0,True
814300.0,2,2,2,2,5710.0,True
7705250.0,2,1,2,2,5683.32,True
817180.0,3,1,1,3,5633.89,True
804450.0,2,1,2,2,5560.0,True
805370.0,4,1,4,6,5467.07,True
968200.0,2,1,1,2,5450.0,True
7704610.0,3,1,2,5,5444.5,True
962260.0,3,2,1,5,5439.0,True
807190.0,2,1,2,3,5426.0,True
819380.0,3,2,2,3,5350.0,True
800960.0,6,2,1,10,5335.06,True
7705650.0,2,2,2,5,5330.2,True
7704410.0,2,1,1,2,5328.0,True
7706360.0,2,1,2,2,5321.0,True
962150.0,4,2,2,5,5308.57,True
800250.0,4,1,1,7,5303.0,True
7700950.0,4,1,1,4,5292.0,True
969670.0,2,1,2,2,5204.0,True
815630.0,3,1,1,3,5181.0,True
7707440.0,2,1,1,2,5178.9,True
814990.0,3,2,3,3,5162.5,True
7702460.0,2,1,1,3,5143.54,True
7701550.0,2,1,2,2,5128.0,True
800210.0,2,1,2,2,5127.1,True
7708080.0,2,1,1,2,5115.5,True
7702880.0,2,1,2,2,5087.5,True
7707170.0,4,1,2,4,5047.4400000000005,True
813380.0,2,2,2,4,5000.0,True
800460.0,4,1,1,4,4970.0,True
814740.0,3,2,1,5,4969.780000000001,True
7703940.0,2,1,2,5,4967.21,True
814060.0,2,1,2,2,4963.0,True
7707370.0,2,1,2,2,4911.58,True
960940.0,3,1,1,4,4890.0,True
808710.0,2,1,1,3,4856.0,True
7707430.0,2,1,2,2,4852.08,True
812200.0,2,1,2,4,4808.0,True
7708140.0,3,1,3,5,4787.280000000001,True
814500.0,3,2,2,4,4780.5599999999995,True
812280.0,3,1,1,4,4720.0,True
806940.0,4,1,3,4,4674.6,True
818210.0,2,1,2,2,4651.6900000000005,True
818440.0,2,1,2,5,4635.6,True
7700080.0,2,1,2,2,4574.4400000000005,True
7707780.0,2,1,2,2,4573.43,True
806860.0,2,1,2,2,4529.0,True
809280.0,2,1,2,2,4514.0,True
7704470.0,2,1,2,3,4497.3099999999995,True
813140.0,4,3,3,4,4492.5,True
7400140.0,2,2,1,2,4470.0,True
7502400.0,2,1,1,2,4440.0,True
7708030.0,3,1,3,3,4434.89,True
819350.0,2,2,1,2,4430.51,True
910890.0,4,2,1,23,4429.08,True
817490.0,2,1,2,2,4410.0,True
807010.0,2,1,1,2,4400.0,True
807400.0,2,2,2,2,4371.0,True
809580.0,3,1,3,3,4349.32,True
802800.0,3,2,1,3,4326.5,True
805330.0,3,2,2,3,4315.0,True
7100170.0,2,2,1,3,4313.36,True
818270.0,4,1,2,4,4275.0,True
7707640.0,2,2,2,2,4243.89,True
810560.0,2,2,1,2,4217.0,True
7702480.0,3,2,1,5,4216.44,True
7704300.0,3,1,3,3,4201.16,True
800840.0,4,1,1,5,4147.0,True
7704960.0,2,1,2,2,4145.0,True
7703410.0,2,1,2,2,4144.0,True
805550.0,2,1,2,2,4120.0,True
969900.0,3,1,2,4,4106.5,True
809210.0,2,1,2,3,4047.4,True
7706560.0,2,2,2,2,4023.75,True
7701220.0,2,1,1,2,4020.0,True
7703350.0,2,1,2,2,4017.2000000000003,True
7701990.0,3,2,2,5,3993.9,True
7706730.0,5,2,1,6,3990.0,True
7706750.0,4,1,1,7,3956.24,True
814970.0,2,1,2,2,3908.0,True
962030.0,2,2,1,2,3895.0,True
818260.0,2,1,2,2,3846.42,True
980340.0,4,1,3,4,3840.0,True
801260.0,3,1,1,8,3760.0,True
810090.0,2,1,1,2,3686.1,True
800020.0,2,1,1,8,3676.52,True
969490.0,2,1,2,2,3657.64,True
800930.0,4,1,1,5,3636.5,True
809420.0,3,1,1,4,3606.37,True
7500220.0,2,2,2,2,3591.0,True
801220.0,3,2,1,3,3590.0,True
965390.0,2,1,2,2,3565.0,True
7702420.0,2,1,2,4,3556.2400000000002,True
7706410.0,2,1,1,2,3548.41,True
800690.0,5,1,1,7,3533.0,True
7500400.0,2,1,1,2,3416.96,True
7701080.0,2,1,1,2,3412.0,True
806010.0,3,1,1,3,3409.1800000000003,True
802260.0,2,2,1,5,3395.0,True
931900.0,2,1,1,25,3372.0,True
807080.0,2,1,2,2,3368.6400000000003,True
969470.0,3,1,2,8,3310.79,True
963380.0,2,2,1,3,3304.58,True
969970.0,4,2,1,4,3254.94,True
7706160.0,2,2,2,2,3220.5699999999997,True
800440.0,4,2,2,5,3213.5,True
7708070.0,2,1,2,2,3208.59,True
910870.0,3,2,1,15,3197.79,True
7707850.0,2,1,2,3,3186.56,True
811870.0,2,1,1,2,3130.16,True
7706720.0,2,1,1,2,3130.02,True
7703290.0,2,1,2,2,3119.0,True
967820.0,2,1,1,3,3088.45,True
7704360.0,2,1,2,3,3087.65,True
815110.0,4,2,2,5,3064.76,True
960830.0,2,1,1,2,3060.0,True
960600.0,2,1,1,3,3049.0,True
7700430.0,2,1,1,4,3042.37,True
7706990.0,2,1,1,2,3041.0,True
7708510.0,2,1,2,2,3030.47,True
804650.0,2,1,2,2,3013.0,True
815720.0,4,1,1,4,3004.14,True
812800.0,2,1,2,3,2996.1,True
910750.0,3,3,1,5,2978.37,True
7702290.0,2,2,1,2,2975.4300000000003,True
965210.0,2,1,1,4,2960.0,True
7705430.0,2,1,1,2,2940.0,True
960240.0,2,2,1,2,2940.0,True
801230.0,2,1,1,2,2930.0,True
813610.0,2,1,1,2,2885.5,True
805020.0,2,2,2,5,2881.4,True
810410.0,2,1,1,2,2800.0,True
7704280.0,2,1,2,2,2778.88,True
800770.0,2,1,1,2,2743.0,True
801110.0,4,1,1,4,2665.8,True
7700350.0,2,1,1,2,2661.0,True
967600.0,2,1,1,4,2640.0,True
815040.0,3,2,2,5,2631.25,True
961990.0,2,1,1,2,2610.0,True
806570.0,2,1,2,3,2564.0,True
813150.0,2,1,1,3,2540.0,True
814630.0,2,2,1,2,2517.84,True
805210.0,2,1,1,3,2515.77,True
814110.0,2,2,1,3,2508.0,True
7701150.0,3,1,1,5,2503.56,True
817900.0,2,1,1,2,2499.0,True
7700550.0,2,1,1,2,2489.4,True
810480.0,5,1,1,5,2433.89,True
7701120.0,4,1,1,7,2411.88,True
817580.0,3,2,2,3,2370.0,True
7702070.0,2,1,1,3,2345.0,True
808480.0,2,1,2,3,2329.2799999999997,True
7701740.0,4,1,1,4,2293.5,True
801090.0,2,1,1,3,2270.0,True
7704860.0,2,1,2,2,2186.0,True
7700850.0,3,2,1,3,2156.25,True
808410.0,4,1,1,4,2138.5,True
804690.0,2,1,1,3,2120.0,True
7705360.0,2,2,2,2,2117.0,True
7500720.0,2,1,1,4,2102.0,True
7703670.0,2,1,2,2,2097.0,True
7700610.0,3,2,1,14,2076.24,True
815130.0,2,2,2,2,2056.78,True
7701090.0,3,1,1,5,2041.08,True
802250.0,2,2,1,2,2000.0,True
803870.0,2,1,1,2,2000.0,True
963960.0,2,1,1,2,2000.0,True
7708000.0,2,1,2,2,1995.33,True
803930.0,3,1,2,5,1980.0,True
960730.0,2,1,1,2,1978.0,True
805640.0,3,1,2,4,1929.7,True
812110.0,4,1,3,4,1920.0,True
813880.0,2,1,2,2,1802.4,True
808640.0,2,1,1,2,1800.0,True
811770.0,4,1,3,4,1779.0,True
818360.0,2,2,2,3,1755.2,True
810320.0,2,1,1,2,1685.0,True
812510.0,2,1,2,3,1662.3600000000001,True
910680.0,2,1,1,4,1642.8899999999999,True
964430.0,3,1,1,3,1631.47,True
7707040.0,3,1,3,4,1626.57,True
7100300.0,6,1,1,6,1626.5,True
816060.0,2,1,1,2,1611.0,True
7701230.0,2,1,1,2,1601.56,True
7707390.0,4,2,1,4,1600.0,True
800200.0,2,1,1,4,1600.0,True
7707950.0,2,1,2,2,1594.5,True
7700010.0,2,1,1,2,1565.0,True
811880.0,2,1,1,2,1556.49,True
809970.0,2,1,1,2,1528.8000000000002,True
965650.0,2,1,1,2,1500.0,True
800520.0,3,1,1,3,1480.0,True
818890.0,10,1,1,10,1475.0,True
816780.0,2,1,1,4,1470.0,True
910780.0,2,1,1,10,1454.0,True
802960.0,5,1,1,5,1446.0,True
7703270.0,2,1,1,2,1445.31,True
806400.0,2,1,1,2,1408.5,True
7703010.0,2,1,2,2,1354.0,True
7700670.0,2,1,1,2,1317.6399999999999,True
910850.0,2,1,1,15,1236.04,True
818120.0,5,1,1,5,1224.0,True
802820.0,2,1,2,2,1208.0,True
810490.0,3,1,2,3,1163.8400000000001,True
7706600.0,2,1,2,2,1153.9099999999999,True
801650.0,2,1,1,2,1135.0,True
806120.0,2,1,2,3,1115.0,True
7500730.0,2,1,1,2,1091.5,True
805720.0,2,1,1,4,1083.55,True
7503900.0,7,1,1,7,1015.4300000000001,True
800430.0,4,1,1,5,1013.0,True
800270.0,3,1,1,4,1000.0,True
817950.0,2,2,2,2,997.72,True
7702010.0,2,1,1,2,933.1,True
802400.0,3,3,1,4,928.24,True
802590.0,2,2,2,2,905.0,True
809300.0,2,1,1,2,865.8,True
808970.0,2,1,2,2,850.0,True
819270.0,2,1,2,2,822.97,True
817630.0,2,2,2,3,757.27,True
7706330.0,2,1,1,2,718.0,True
818880.0,5,1,1,5,713.0,True
815030.0,2,1,1,2,690.0,True
800280.0,2,1,1,2,680.0,True
806740.0,2,1,1,2,675.5999999999999,True
7701100.0,4,1,1,4,667.0799999999999,True
980270.0,2,2,2,2,660.0,True
800790.0,2,1,1,2,649.0,True
7703640.0,2,1,2,3,608.56,True
7700440.0,2,1,1,2,603.07,True
7701810.0,2,1,1,2,575.0,True
801660.0,2,1,1,2,550.0,True
806970.0,3,1,2,3,550.0,True
7707420.0,2,1,2,2,540.0,True
964440.0,2,1,1,2,537.7,True
7703260.0,2,1,1,2,503.91,True
816790.0,2,2,2,2,492.86,True
7503710.0,2,1,1,2,491.88,True
800340.0,3,1,1,4,432.0,True
819280.0,2,2,2,2,389.0,True
960760.0,2,1,1,2,346.2,True
815320.0,2,1,2,4,340.0,True
815770.0,2,2,2,3,319.0,True
800290.0,4,1,1,4,245.0,True
800360.0,2,1,1,2,225.0,True
803300.0,3,1,1,3,202.0,True
7707400.0,2,1,1,2,200.0,True
800450.0,3,1,1,3,200.0,True
801700.0,3,1,1,6,185.0,True
817130.0,2,2,1,2,140.0,True
811890.0,2,1,1,2,97.0,True
910070.0,1,1,1,2130,1041177465.28,False
7101620.0,1,1,1,30,548267645.75,False
7101270.0,1,1,1,30,531899454.55,False
7101210.0,1,1,1,37,423651274.2,False
7101430.0,1,1,1,20,419359019.25,False
920000.0,1,1,1,57,347114889.25,False
920850.0,1,1,1,3,243225000.0,False
920010.0,1,1,1,9,191939241.65,False
920450.0,1,1,1,71,158460510.43,False
7101290.0,1,1,1,10,95577642.05,False
910360.0,1,1,1,105,70058053.06,False
920040.0,1,1,1,11,56801549.0,False
910220.0,1,1,1,22,49841460.8,False
921320.0,1,1,1,4,40095300.0,False
7201300.0,1,1,1,79,38270220.33,False
910100.0,1,1,1,28,31829245.2,False
910310.0,1,1,1,54,29338770.22,False
7101470.0,1,1,1,34,26035938.8,False
7201350.0,1,1,1,117,21005984.32,False
910120.0,1,1,1,17,14664474.120000001,False
920420.0,1,1,1,3,11680000.0,False
7200300.0,1,1,1,8,11418728.3,False
7101740.0,1,1,1,67,11390791.25,False
920080.0,1,1,1,3,11014400.0,False
7201240.0,1,1,1,74,10903375.2,False
911000.0,1,1,1,96,10446106.26,False
910180.0,1,1,1,10,9499187.35,False
920950.0,1,1,1,6,9054560.0,False
910300.0,1,1,1,7,8583712.2,False
950070.0,1,1,1,12,8413647.06,False
817160.0,1,1,1,1,8300781.25,False
910140.0,1,1,1,7,6558829.199999999,False
7100970.0,1,1,1,6,6426312.0,False
920220.0,1,1,1,2,6350000.0,False
910410.0,1,1,1,280,6241725.0,False
921500.0,1,1,1,3,6240000.0,False
950960.0,1,1,1,6,6203865.0,False
920140.0,1,1,1,2,5394000.0,False
921160.0,1,1,1,2,5279175.0,False
969750.0,1,1,1,1,5237400.0,False
803170.0,1,1,1,2,5124625.0,False
940710.0,1,1,1,5,4870480.0,False
7201330.0,1,1,1,16,4708272.5,False
7101130.0,1,1,1,23,4549000.0,False
7300130.0,1,1,1,22,4469658.75,False
7200180.0,1,1,1,10,4137653.0,False
921150.0,1,1,1,3,4022500.0,False
7100010.0,1,1,1,14,3830990.0,False
7100580.0,1,1,1,8,3470563.2,False
910320.0,1,1,1,3,3376200.0,False
940650.0,1,1,1,5,2925000.0,False
921060.0,1,1,1,4,2860000.0,False
961180.0,1,1,1,4,2813960.0,False
818000.0,1,1,1,1,2750000.0,False
7101460.0,1,1,1,1,2125000.0,False
910910.0,1,1,1,6,1998270.0,False
940810.0,1,1,1,3,1875000.0,False
940050.0,1,1,1,1,1722000.0,False
7101140.0,1,1,1,13,1664000.0,False
810060.0,1,1,1,1,1612500.0,False
920280.0,1,1,1,3,1575000.0,False
7101890.0,1,1,1,3,1540000.0,False
7101840.0,1,1,1,17,1415700.0,False
920700.0,1,1,1,15,1403325.0,False
950320.0,1,1,1,11,1398255.75,False
7400560.0,1,1,1,5,1360482.54,False
921400.0,1,1,1,2,1240000.0,False
7101230.0,1,1,1,4,1200000.0,False
814940.0,1,1,1,3,1139243.53,False
932090.0,1,1,1,3,1105650.0,False
920620.0,1,1,1,2,1105000.0,False
7100890.0,1,1,1,33,1091744.35,False
7101870.0,1,1,1,23,1081080.0,False
910490.0,1,1,1,18,1074154.45,False
817420.0,1,1,1,1,1020000.0,False
7100610.0,1,1,1,5,983382.5,False
921420.0,1,1,1,1,980000.0,False
950410.0,1,1,1,11,969964.2,False
920890.0,1,1,1,7,940000.0,False
816160.0,1,1,1,3,933000.0,False
802670.0,1,1,1,4,918367.06,False
950430.0,1,1,1,6,769792.0599999999,False
920500.0,1,1,1,1,750000.0,False
802450.0,1,1,1,7,718974.0,False
7201430.0,1,1,1,2,716250.0,False
802440.0,1,1,1,4,704321.34,False
950880.0,1,1,1,1,678684.6,False
950480.0,1,1,1,8,652535.0,False
921460.0,1,1,1,1,630000.0,False
802910.0,1,1,1,57,625716.92,False
802030.0,1,1,1,2,621840.0,False
920340.0,1,1,1,8,599600.0,False
7101380.0,1,1,1,17,598000.0,False
802680.0,1,1,1,2,587624.0,False
809160.0,1,1,1,1,582098.0,False
817110.0,1,1,1,32,570120.53,False
810210.0,1,1,1,10,562234.47,False
7100980.0,1,1,1,5,523480.0,False
951070.0,1,1,1,3,510414.0,False
802810.0,1,1,1,3,502850.0,False
950330.0,1,1,1,6,500937.8,False
808980.0,1,1,1,3,468650.0,False
950720.0,1,1,1,4,467651.0,False
7100560.0,1,1,1,28,467100.0,False
7300430.0,1,1,1,2,423749.47,False
932300.0,1,1,1,1,416000.0,False
920440.0,1,1,1,1,412500.0,False
920290.0,1,1,1,1,400000.0,False
808680.0,1,1,1,1,399000.0,False
813230.0,1,1,1,3,393062.24,False
910260.0,1,1,1,4,392100.0,False
950100.0,1,1,1,3,391280.64,False
7500290.0,1,1,1,6,386074.0,False
814760.0,1,1,1,1,370000.0,False
7101030.0,1,1,1,2,351604.0,False
921570.0,1,1,1,4,339000.0,False
811740.0,1,1,1,6,333322.0,False
810340.0,1,1,1,5,330375.0,False
940030.0,1,1,1,5,315533.9,False
817470.0,1,1,1,3,301080.11,False
7100850.0,1,1,1,4,300960.0,False
950170.0,1,1,1,6,298605.78,False
806310.0,1,1,1,2,296862.5,False
910390.0,1,1,1,84,294465.0,False
967240.0,1,1,1,1,285600.0,False
951740.0,1,1,1,6,276140.56,False
965830.0,1,1,1,1,276000.0,False
818250.0,1,1,1,2,275000.0,False
7503920.0,1,1,1,21,270237.52,False
802650.0,1,1,1,1,265000.0,False
803680.0,1,1,1,3,264960.0,False
950730.0,1,1,1,2,264132.0,False
7503070.0,1,1,1,1,264000.0,False
804460.0,1,1,1,1,252250.0,False
7100400.0,1,1,1,3,248988.90000000002,False
803230.0,1,1,1,25,225029.83000000002,False
951470.0,1,1,1,2,222585.0,False
950850.0,1,1,1,2,220804.62,False
811580.0,1,1,1,5,219380.0,False
7703190.0,1,1,1,2,218437.56,False
812680.0,1,1,1,16,216806.0,False
810850.0,1,1,1,1,215810.76,False
940640.0,1,1,1,1,209748.0,False
7400070.0,1,1,1,125,206107.07,False
951420.0,1,1,1,3,202244.76,False
965010.0,1,1,1,8,201408.0,False
951130.0,1,1,1,2,201332.8,False
7300540.0,1,1,1,1,200000.0,False
817560.0,1,1,1,1,200000.0,False
965430.0,1,1,1,1,198240.0,False
802900.0,1,1,1,5,194913.11,False
951950.0,1,1,1,4,193500.0,False
815420.0,1,1,1,1,191400.0,False
804520.0,1,1,1,3,187700.0,False
920810.0,1,1,1,1,186778.0,False
817140.0,1,1,1,1,180600.0,False
7100920.0,1,1,1,6,178500.0,False
817400.0,1,1,1,8,175387.3,False
921360.0,1,1,1,4,172800.0,False
962060.0,1,1,1,6,172693.33000000002,False
7500300.0,1,1,1,1,170500.0,False
818340.0,1,1,1,1,170000.0,False
804040.0,1,1,1,1,166500.0,False
817990.0,1,1,1,4,165000.0,False
920720.0,1,1,1,2,165000.0,False
807300.0,1,1,1,2,163450.0,False
950900.0,1,1,1,1,163021.0,False
7100330.0,1,1,1,1,162500.0,False
806850.0,1,1,1,8,159600.0,False
969090.0,1,1,1,1,158150.0,False
920840.0,1,1,1,2,156000.0,False
7503250.0,1,1,1,3,154200.0,False
7400710.0,1,1,1,46,149000.0,False
805490.0,1,1,1,1,148800.0,False
809700.0,1,1,1,2,144240.0,False
7500350.0,1,1,1,2,144000.0,False
950650.0,1,1,1,1,142750.0,False
803780.0,1,1,1,2,142000.0,False
963490.0,1,1,1,1,140000.0,False
802470.0,1,1,1,2,138500.0,False
951490.0,1,1,1,5,138243.0,False
910280.0,1,1,1,2,136000.0,False
804860.0,1,1,1,4,135600.0,False
808370.0,1,1,1,2,135468.92,False
967990.0,1,1,1,2,135071.18,False
7100840.0,1,1,1,1,133620.0,False
810520.0,1,1,1,2,130502.86,False
951300.0,1,1,1,1,130113.0,False
7503540.0,1,1,1,1,128400.0,False
7101940.0,1,1,1,2,128262.4,False
7502110.0,1,1,1,5,126882.8,False
7200240.0,1,1,1,1,125000.0,False
809020.0,1,1,1,2,124872.0,False
962550.0,1,1,1,1,123000.0,False
951380.0,1,1,1,2,121744.4,False
969330.0,1,1,1,1,117796.6,False
7101560.0,1,1,1,9,117000.0,False
811800.0,1,1,1,6,112200.0,False
803500.0,1,1,1,1,108350.0,False
807670.0,1,1,1,3,107180.0,False
966290.0,1,1,1,2,107000.0,False
932410.0,1,1,1,6,103728.0,False
940270.0,1,1,1,1,101910.0,False
808910.0,1,1,1,2,100464.0,False
967230.0,1,1,1,1,100000.0,False
969070.0,1,1,1,1,99150.0,False
814570.0,1,1,1,1,99000.0,False
7500360.0,1,1,1,5,96000.0,False
950080.0,1,1,1,2,95280.0,False
7503230.0,1,1,1,1,93600.0,False
7701590.0,1,1,1,2,93168.6,False
805790.0,1,1,1,3,93150.0,False
961210.0,1,1,1,1,93136.0,False
806670.0,1,1,1,3,92800.0,False
965680.0,1,1,1,1,92042.0,False
813190.0,1,1,1,2,90677.96,False
805620.0,1,1,1,2,90029.1,False
7300530.0,1,1,1,2,89087.65,False
804420.0,1,1,1,2,87262.5,False
808380.0,1,1,1,1,85790.0,False
969600.0,1,1,1,2,84000.0,False
965510.0,1,1,1,1,83562.5,False
920670.0,1,1,1,3,83300.0,False
804000.0,1,1,1,1,82560.0,False
921330.0,1,1,1,1,81600.0,False
7503750.0,1,1,1,2,81000.0,False
965980.0,1,1,1,1,81000.0,False
816630.0,1,1,1,1,80932.2,False
7702730.0,1,1,1,2,78399.0,False
7400120.0,1,1,1,1,75000.0,False
965960.0,1,1,1,1,75000.0,False
920230.0,1,1,1,3,74160.0,False
7101160.0,1,1,1,1,73500.0,False
951040.0,1,1,1,3,72080.0,False
808110.0,1,1,1,3,71672.0,False
811700.0,1,1,1,1,71362.2,False
964510.0,1,1,1,1,70500.0,False
960060.0,1,1,1,19,68455.0,False
7101710.0,1,1,1,7,67300.0,False
966670.0,1,1,1,1,66000.0,False
813030.0,1,1,1,3,65780.0,False
967670.0,1,1,1,3,65360.0,False
818280.0,1,1,1,1,65000.0,False
7400680.0,1,1,1,1,64900.0,False
920860.0,1,1,1,2,64800.0,False
7400740.0,1,1,1,3,63750.0,False
961160.0,1,1,1,2,63120.0,False
810910.0,1,1,1,2,63050.8,False
808520.0,1,1,1,5,61850.0,False
7502200.0,1,1,1,2,61760.0,False
7300260.0,1,1,1,1,61320.0,False
7100760.0,1,1,1,4,61110.0,False
7102020.0,1,1,1,1,60000.0,False
963480.0,1,1,1,2,59856.0,False
804530.0,1,1,1,6,59700.0,False
921050.0,1,1,1,2,59400.0,False
965850.0,1,1,1,1,59000.0,False
7703550.0,1,1,1,5,58046.450000000004,False
960130.0,1,1,1,1,57600.0,False
808200.0,1,1,1,1,57350.0,False
969410.0,1,1,1,4,57100.0,False
963660.0,1,1,1,1,56322.0,False
964420.0,1,1,1,1,55600.0,False
815600.0,1,1,1,1,55169.1,False
7100510.0,1,1,1,3,55078.8,False
951430.0,1,1,1,1,55000.0,False
805540.0,1,1,1,1,53592.0,False
951810.0,1,1,1,2,53190.0,False
7703470.0,1,1,1,4,52650.0,False
7100950.0,1,1,1,2,51782.25,False
808690.0,1,1,1,3,51750.0,False
810010.0,1,1,1,1,51600.0,False
7300030.0,1,1,1,1,51041.5,False
7101670.0,1,1,1,1,50508.0,False
964780.0,1,1,1,1,50280.0,False
7101350.0,1,1,1,1,50000.0,False
969040.0,1,1,1,1,49500.0,False
7707910.0,1,1,1,1,49000.0,False
952050.0,1,1,1,2,48903.75,False
951260.0,1,1,1,2,48813.75,False
812670.0,1,1,1,1,48400.0,False
920820.0,1,1,1,3,48300.0,False
815550.0,1,1,1,2,47388.0,False
800660.0,1,1,1,7,46895.0,False
816990.0,1,1,1,21,46816.0,False
7201570.0,1,1,1,1,46767.17,False
961460.0,1,1,1,2,46413.75,False
7500060.0,1,1,1,1,46250.0,False
7300240.0,1,1,1,1,46126.08,False
813330.0,1,1,1,1,46000.0,False
7704660.0,1,1,1,4,45899.200000000004,False
962980.0,1,1,1,1,45450.0,False
807310.0,1,1,1,1,45060.0,False
816430.0,1,1,1,1,45000.0,False
964930.0,1,1,1,3,44491.65,False
808890.0,1,1,1,1,43860.0,False
7503000.0,1,1,1,2,43500.0,False
811850.0,1,1,1,2,43376.0,False
962610.0,1,1,1,2,43200.0,False
965350.0,1,1,1,1,43200.0,False
7500100.0,1,1,1,7,43148.0,False
7201860.0,1,1,1,1,41656.95,False
7300210.0,1,1,1,1,41500.0,False
921550.0,1,1,1,1,40735.2,False
952040.0,1,1,1,2,40575.0,False
7702170.0,1,1,1,3,40468.75,False
7706400.0,1,1,1,2,40468.75,False
950600.0,1,1,1,1,40140.0,False
7400400.0,1,1,1,2,36360.0,False
7101010.0,1,1,1,7,36000.0,False
7101810.0,1,1,1,4,36000.0,False
810890.0,1,1,1,2,36000.0,False
966070.0,1,1,1,1,36000.0,False
816460.0,1,1,1,8,35754.25,False
950500.0,1,1,1,1,35280.0,False
7702530.0,1,1,1,1,35100.0,False
7700510.0,1,1,1,3,34903.7,False
967450.0,1,1,1,1,34900.0,False
804940.0,1,1,1,1,34860.0,False
815830.0,1,1,1,1,34750.0,False
806350.0,1,1,1,1,34650.0,False
7501550.0,1,1,1,1,34290.0,False
940720.0,1,1,1,2,33982.7,False
807580.0,1,1,1,1,33750.0,False
812390.0,1,1,1,1,33420.0,False
7502820.0,1,1,1,1,33283.04,False
811750.0,1,1,1,1,33045.0,False
7400690.0,1,1,1,1,32940.0,False
7100470.0,1,1,1,3,32687.5,False
7101110.0,1,1,1,2,32677.199999999997,False
969310.0,1,1,1,1,32420.0,False
804740.0,1,1,1,1,32280.0,False
814390.0,1,1,1,3,32250.0,False
7501630.0,1,1,1,1,32100.0,False
805760.0,1,1,1,1,31948.8,False
7300510.0,1,1,1,2,31920.0,False
968540.0,1,1,1,1,31836.0,False
7502640.0,1,1,1,1,31500.0,False
812480.0,1,1,1,1,31400.0,False
968880.0,1,1,1,1,31000.0,False
7400700.0,1,1,1,1,30180.0,False
961410.0,1,1,1,2,30100.0,False
7300340.0,1,1,1,1,29452.5,False
817790.0,1,1,1,2,29120.0,False
804960.0,1,1,1,2,29050.0,False
966310.0,1,1,1,1,28980.0,False
805130.0,1,1,1,2,28600.0,False
815500.0,1,1,1,1,28500.0,False
806510.0,1,1,1,3,28240.0,False
962410.0,1,1,1,1,27800.0,False
7702860.0,1,1,1,2,27700.0,False
7503880.0,1,1,1,1,27660.0,False
807440.0,1,1,1,8,27570.0,False
800380.0,1,1,1,1,27500.0,False
808810.0,1,1,1,1,27500.0,False
7704770.0,1,1,1,1,27322.08,False
806500.0,1,1,1,1,27300.0,False
814040.0,1,1,1,12,27283.2,False
808830.0,1,1,1,1,27132.0,False
967480.0,1,1,1,1,26950.0,False
7101660.0,1,1,1,1,26569.2,False
7501330.0,1,1,1,1,26410.0,False
7504110.0,1,1,1,1,26400.0,False
7500910.0,1,1,1,1,26100.0,False
807790.0,1,1,1,2,25811.0,False
7701760.0,1,1,1,3,25600.0,False
817550.0,1,1,1,1,25424.0,False
802570.0,1,1,1,2,25213.5,False
962430.0,1,1,1,3,25152.8,False
800890.0,1,1,1,7,25020.0,False
968360.0,1,1,1,1,24888.0,False
963680.0,1,1,1,1,24600.0,False
965360.0,1,1,1,1,24500.0,False
7704500.0,1,1,1,1,24218.74,False
7500960.0,1,1,1,2,24192.0,False
963180.0,1,1,1,1,23750.0,False
813340.0,1,1,1,5,23743.08,False
816690.0,1,1,1,2,23572.0,False
802530.0,1,1,1,1,23543.04,False
950610.0,1,1,1,2,23256.0,False
804550.0,1,1,1,1,23060.0,False
961530.0,1,1,1,1,23000.0,False
7700470.0,1,1,1,1,22740.0,False
807090.0,1,1,1,4,22279.5,False
807380.0,1,1,1,2,22200.0,False
7300380.0,1,1,1,1,22113.0,False
813710.0,1,1,1,1,21600.0,False
965050.0,1,1,1,1,21600.0,False
968810.0,1,1,1,1,21556.0,False
7100340.0,1,1,1,3,21498.4,False
808170.0,1,1,1,1,21480.0,False
813690.0,1,1,1,2,21350.0,False
807680.0,1,1,1,1,21300.0,False
7100440.0,1,1,1,2,21230.0,False
807860.0,1,1,1,1,20580.0,False
961660.0,1,1,1,2,20500.0,False
7500240.0,1,1,1,1,20250.0,False
7705160.0,1,1,1,1,20050.0,False
963080.0,1,1,1,2,20000.0,False
7702670.0,1,1,1,3,19821.8,False
966150.0,1,1,1,1,19800.0,False
967950.0,1,1,1,1,19500.0,False
968700.0,1,1,1,1,19500.0,False
816700.0,1,1,1,1,19491.52,False
7701190.0,1,1,1,1,19236.08,False
805070.0,1,1,1,1,19200.0,False
807210.0,1,1,1,2,19144.0,False
818610.0,1,1,1,1,19067.8,False
961140.0,1,1,1,1,18948.0,False
808250.0,1,1,1,1,18900.0,False
964910.0,1,1,1,1,18865.0,False
7702310.0,1,1,1,1,18800.0,False
810300.0,1,1,1,1,18792.0,False
7705780.0,1,1,1,1,18699.0,False
940380.0,1,1,1,2,18550.0,False
805560.0,1,1,1,1,18515.62,False
965520.0,1,1,1,1,18272.0,False
810380.0,1,1,1,4,18265.0,False
813070.0,1,1,1,5,18261.0,False
950520.0,1,1,1,2,18240.0,False
963610.0,1,1,1,1,18109.0,False
7700070.0,1,1,1,3,18045.0,False
7503280.0,1,1,1,1,18000.0,False
965060.0,1,1,1,1,17600.0,False
967190.0,1,1,1,1,17528.0,False
7101090.0,1,1,1,2,17490.0,False
940460.0,1,1,1,2,17348.0,False
966500.0,1,1,1,1,17160.0,False
962010.0,1,1,1,1,17028.0,False
7702020.0,1,1,1,1,17025.7,False
968330.0,1,1,1,1,17000.0,False
7704560.0,1,1,1,3,16953.13,False
816870.0,1,1,1,1,16923.81,False
809030.0,1,1,1,1,16910.0,False
7704390.0,1,1,1,1,16860.0,False
814870.0,1,1,1,3,16767.0,False
931660.0,1,1,1,4,16713.0,False
805090.0,1,1,1,1,16689.0,False
816670.0,1,1,1,2,16620.0,False
7700930.0,1,1,1,1,16600.0,False
940190.0,1,1,1,1,16250.0,False
967220.0,1,1,1,1,16000.0,False
910770.0,1,1,1,20,15840.15,False
964610.0,1,1,1,1,15750.0,False
818310.0,1,1,1,2,15600.0,False
967500.0,1,1,1,1,15502.5,False
814030.0,1,1,1,2,15500.0,False
805270.0,1,1,1,2,15400.0,False
980400.0,1,1,1,1,15245.76,False
818600.0,1,1,1,1,15237.0,False
961030.0,1,1,1,1,15120.0,False
961260.0,1,1,1,1,14860.0,False
7707350.0,1,1,1,1,14783.0,False
800170.0,1,1,1,2,14760.0,False
7503620.0,1,1,1,1,14630.48,False
940080.0,1,1,1,5,14540.0,False
966540.0,1,1,1,1,14464.0,False
816760.0,1,1,1,2,14400.0,False
7501790.0,1,1,1,1,14250.0,False
967290.0,1,1,1,1,14112.0,False
803280.0,1,1,1,1,14047.6,False
7701060.0,1,1,1,1,14040.0,False
813630.0,1,1,1,2,13900.0,False
7705440.0,1,1,1,2,13884.36,False
804670.0,1,1,1,1,13855.9,False
804750.0,1,1,1,1,13830.0,False
817020.0,1,1,1,1,13680.0,False
7706170.0,1,1,1,2,13653.0,False
812220.0,1,1,1,1,13500.0,False
963970.0,1,1,1,1,13500.0,False
801340.0,1,1,1,2,13490.0,False
7705550.0,1,1,1,1,13485.92,False
7500850.0,1,1,1,2,13400.0,False
818020.0,1,1,1,3,13330.0,False
7400270.0,1,1,1,1,13290.0,False
7704900.0,1,1,1,1,13275.54,False
7707800.0,1,1,1,1,13274.0,False
811680.0,1,1,1,1,13250.0,False
910790.0,1,1,1,2,13225.0,False
7707980.0,1,1,1,1,13200.0,False
818390.0,1,1,1,1,12750.0,False
967490.0,1,1,1,1,12750.0,False
7706940.0,1,1,1,2,12686.0,False
969530.0,1,1,1,2,12622.0,False
920610.0,1,1,1,1,12600.0,False
965860.0,1,1,1,1,12500.0,False
812930.0,1,1,1,1,12463.0,False
7703110.0,1,1,1,2,12400.0,False
803330.0,1,1,1,1,12350.0,False
7704030.0,1,1,1,1,12330.0,False
7703160.0,1,1,1,1,12320.58,False
813290.0,1,1,1,2,12320.0,False
7101300.0,1,1,1,2,12310.5,False
968300.0,1,1,1,1,12206.0,False
801840.0,1,1,1,1,12171.15,False
814190.0,1,1,1,1,12160.0,False
818330.0,1,1,1,2,12076.83,False
804160.0,1,1,1,1,12000.0,False
805670.0,1,1,1,1,12000.0,False
932400.0,1,1,1,1,11864.0,False
7701020.0,1,1,1,2,11850.0,False
801380.0,1,1,1,1,11800.0,False
961550.0,1,1,1,2,11760.0,False
961870.0,1,1,1,1,11700.0,False
808160.0,1,1,1,1,11601.0,False
807230.0,1,1,1,2,11520.0,False
815430.0,1,1,1,1,11424.0,False
7700660.0,1,1,1,1,11400.0,False
962100.0,1,1,1,1,11370.0,False
7703340.0,1,1,1,3,11267.22,False
7500750.0,1,1,1,1,11000.0,False
808790.0,1,1,1,1,11000.0,False
967440.0,1,1,1,1,11000.0,False
940860.0,1,1,1,1,10850.0,False
7706960.0,1,1,1,1,10788.98,False
804430.0,1,1,1,1,10620.0,False
7703820.0,1,1,1,1,10600.0,False
812410.0,1,1,1,1,10500.0,False
960470.0,1,1,1,2,10366.8,False
910720.0,1,1,1,6,10233.2,False
810550.0,1,1,1,2,10173.9,False
7700030.0,1,1,1,2,10125.0,False
803970.0,1,1,1,1,10000.0,False
7400820.0,1,1,1,1,9900.0,False
817830.0,1,1,1,1,9900.0,False
7500770.0,1,1,1,1,9880.0,False
962780.0,1,1,1,1,9850.0,False
7700990.0,1,1,1,2,9840.0,False
7707520.0,1,1,1,2,9757.44,False
931520.0,1,1,1,9,9750.0,False
7700020.0,1,1,1,1,9700.0,False
811010.0,1,1,1,1,9648.3,False
7706630.0,1,1,1,1,9531.25,False
7100230.0,1,1,1,1,9529.6,False
940360.0,1,1,1,1,9450.0,False
7703880.0,1,1,1,1,9400.0,False
960800.0,1,1,1,1,9310.0,False
965020.0,1,1,1,1,9250.0,False
7704690.0,1,1,1,2,9084.37,False
7701960.0,1,1,1,1,9036.0,False
807810.0,1,1,1,1,9020.0,False
7700750.0,1,1,1,1,9000.0,False
7704140.0,1,1,1,1,9000.0,False
940320.0,1,1,1,1,9000.0,False
805770.0,1,1,1,1,8890.0,False
807120.0,1,1,1,1,8771.16,False
7703480.0,1,1,1,1,8696.0,False
804610.0,1,1,1,2,8670.0,False
802640.0,1,1,1,4,8668.0,False
960210.0,1,1,1,1,8656.0,False
7704750.0,1,1,1,2,8620.73,False
809180.0,1,1,1,1,8584.0,False
964590.0,1,1,1,1,8580.7,False
7707720.0,1,1,1,1,8551.5,False
931490.0,1,1,1,3,8485.650000000001,False
802380.0,1,1,1,8,8475.0,False
7706030.0,1,1,1,1,8474.58,False
816400.0,1,1,1,1,8450.0,False
809290.0,1,1,1,1,8414.0,False
7500090.0,1,1,1,1,8400.0,False
7500320.0,1,1,1,2,8280.0,False
804770.0,1,1,1,2,8240.0,False
7706370.0,1,1,1,1,8232.0,False
7703970.0,1,1,1,1,8175.0,False
801530.0,1,1,1,1,8160.0,False
813570.0,1,1,1,1,8022.88,False
801910.0,1,1,1,1,7995.0,False
7705770.0,1,1,1,1,7992.0,False
817170.0,1,1,1,1,7883.89,False
817600.0,1,1,1,1,7881.35,False
809740.0,1,1,1,1,7800.0,False
963950.0,1,1,1,1,7790.0,False
812450.0,1,1,1,1,7771.15,False
814980.0,1,1,1,1,7750.0,False
7707570.0,1,1,1,3,7745.549999999999,False
802270.0,1,1,1,1,7690.5,False
812310.0,1,1,1,2,7669.5,False
966550.0,1,1,1,2,7644.0,False
811960.0,1,1,1,3,7640.0,False
803050.0,1,1,1,2,7620.0,False
801120.0,1,1,1,1,7600.0,False
814070.0,1,1,1,2,7500.0,False
960180.0,1,1,1,1,7497.0,False
812590.0,1,1,1,3,7452.0,False
7706020.0,1,1,1,1,7440.0,False
7705170.0,1,1,1,2,7423.73,False
7700810.0,1,1,1,3,7250.0,False
7500330.0,1,1,1,1,7200.0,False
7500450.0,1,1,1,1,7200.0,False
960070.0,1,1,1,1,7115.0,False
7705370.0,1,1,1,1,7072.0,False
7400310.0,1,1,1,1,7065.0,False
801870.0,1,1,1,1,7056.0,False
7500540.0,1,1,1,1,7000.0,False
7500660.0,1,1,1,1,7000.0,False
961440.0,1,1,1,2,6960.0,False
7700680.0,1,1,1,4,6877.12,False
7707160.0,1,1,1,1,6812.0,False
808610.0,1,1,1,2,6760.0,False
7704430.0,1,1,1,1,6575.0,False
816710.0,1,1,1,3,6561.44,False
813210.0,1,1,1,1,6500.0,False
966780.0,1,1,1,1,6500.0,False
968830.0,1,1,1,1,6400.0,False
961470.0,1,1,1,3,6380.0,False
806440.0,1,1,1,4,6360.0,False
813970.0,1,1,1,2,6319.23,False
809380.0,1,1,1,1,6300.0,False
807430.0,1,1,1,1,6260.0,False
960970.0,1,1,1,2,6260.0,False
7701320.0,1,1,1,1,6252.0,False
7706450.0,1,1,1,1,6244.0,False
808320.0,1,1,1,3,6211.889999999999,False
7707320.0,1,1,1,1,6200.0,False
805590.0,1,1,1,1,6200.0,False
818690.0,1,1,1,2,6200.0,False
7700840.0,1,1,1,1,6187.56,False
7703120.0,1,1,1,1,6160.0,False
805940.0,1,1,1,1,6118.0,False
7706930.0,1,1,1,1,6060.0,False
7703370.0,1,1,1,1,6048.0,False
7707060.0,1,1,1,3,6011.7,False
815520.0,1,1,1,2,5960.0,False
910830.0,1,1,1,1,5952.5,False
807370.0,1,1,1,4,5950.0,False
963310.0,1,1,1,1,5937.0,False
807350.0,1,1,1,1,5900.0,False
7705340.0,1,1,1,1,5880.0,False
816970.0,1,1,1,1,5861.61,False
7701970.0,1,1,1,2,5831.719999999999,False
813180.0,1,1,1,1,5830.5,False
804440.0,1,1,1,1,5724.0,False
807880.0,1,1,1,3,5660.0,False
962490.0,1,1,1,2,5652.0,False
7700120.0,1,1,1,1,5592.0,False
808960.0,1,1,1,1,5550.0,False
7702440.0,1,1,1,2,5508.0,False
7501360.0,1,1,1,1,5500.0,False
7501640.0,1,1,1,1,5500.0,False
800190.0,1,1,1,1,5500.0,False
961280.0,1,1,1,1,5500.0,False
817090.0,1,1,1,2,5487.29,False
818240.0,1,1,1,1,5466.1,False
809340.0,1,1,1,1,5456.0,False
7702700.0,1,1,1,1,5400.0,False
962390.0,1,1,1,2,5400.0,False
7701980.0,1,1,1,1,5288.16,False
805960.0,1,1,1,2,5282.0,False
7500070.0,1,1,1,1,5280.0,False
7700460.0,1,1,1,1,5257.82,False
815960.0,1,1,1,1,5250.0,False
964060.0,1,1,1,1,5250.0,False
810290.0,1,1,1,2,5234.0,False
969540.0,1,1,1,1,5220.0,False
7501180.0,1,1,1,2,5204.0,False
808350.0,1,1,1,1,5200.0,False
969220.0,1,1,1,1,5200.0,False
7705190.0,1,1,1,1,5184.0,False
967170.0,1,1,1,1,5184.0,False
804010.0,1,1,1,1,5130.0,False
7705400.0,1,1,1,1,5120.0,False
810350.0,1,1,1,1,5098.2,False
806220.0,1,1,1,1,5000.0,False
963460.0,1,1,1,1,4985.6,False
800820.0,1,1,1,1,4980.0,False
818320.0,1,1,1,1,4924.4,False
962290.0,1,1,1,2,4900.0,False
7700940.0,1,1,1,1,4850.0,False
7707820.0,1,1,1,2,4811.7300000000005,False
7701470.0,1,1,1,1,4800.0,False
803650.0,1,1,1,1,4800.0,False
808860.0,1,1,1,1,4800.0,False
817340.0,1,1,1,1,4800.0,False
7702340.0,1,1,1,2,4780.0,False
817730.0,1,1,1,3,4760.5,False
815480.0,1,1,1,7,4731.3,False
910590.0,1,1,1,1,4713.98,False
803530.0,1,1,1,1,4707.0,False
803120.0,1,1,1,2,4667.0,False
812050.0,1,1,1,1,4661.02,False
962000.0,1,1,1,1,4650.0,False
7703540.0,1,1,1,2,4642.0,False
813240.0,1,1,1,4,4586.05,False
7700480.0,1,1,1,1,4576.2,False
7502760.0,1,1,1,1,4560.0,False
801880.0,1,1,1,4,4560.0,False
960330.0,1,1,1,1,4547.4,False
7101770.0,1,1,1,1,4500.0,False
7500630.0,1,1,1,1,4500.0,False
811590.0,1,1,1,1,4500.0,False
809890.0,1,1,1,1,4418.0,False
803400.0,1,1,1,3,4404.6,False
7503950.0,1,1,1,1,4400.0,False
806450.0,1,1,1,1,4400.0,False
810740.0,1,1,1,1,4400.0,False
812180.0,1,1,1,1,4400.0,False
817850.0,1,1,1,1,4400.0,False
7703900.0,1,1,1,1,4397.66,False
814840.0,1,1,1,3,4317.4,False
7500310.0,1,1,1,2,4300.0,False
803710.0,1,1,1,1,4290.0,False
7705290.0,1,1,1,1,4280.0,False
809220.0,1,1,1,1,4250.0,False
7701350.0,1,1,1,1,4240.0,False
7700290.0,1,1,1,1,4218.75,False
7707210.0,1,1,1,1,4217.76,False
803480.0,1,1,1,1,4200.0,False
807200.0,1,1,1,1,4200.0,False
960990.0,1,1,1,1,4200.0,False
7706070.0,1,1,1,1,4195.0,False
962350.0,1,1,1,1,4185.0,False
7705530.0,1,1,1,1,4177.0,False
7708330.0,1,1,1,1,4171.98,False
812340.0,1,1,1,3,4136.0,False
805730.0,1,1,1,1,4128.0,False
808840.0,1,1,1,1,4106.0,False
960140.0,1,1,1,2,4086.6,False
7502000.0,1,1,1,1,4080.0,False
965640.0,1,1,1,1,4068.0,False
962250.0,1,1,1,1,4060.0,False
818500.0,1,1,1,2,4050.0,False
809820.0,1,1,1,1,4031.0,False
7502910.0,1,1,1,1,4000.0,False
812260.0,1,1,1,1,4000.0,False
960050.0,1,1,1,1,4000.0,False
808600.0,1,1,1,1,3920.0,False
960810.0,1,1,1,1,3900.0,False
7501680.0,1,1,1,1,3840.0,False
818190.0,1,1,1,1,3830.0,False
801750.0,1,1,1,1,3813.4,False
804300.0,1,1,1,1,3800.0,False
805390.0,1,1,1,1,3790.2,False
7700730.0,1,1,1,1,3772.86,False
7101500.0,1,1,1,1,3750.0,False
7701270.0,1,1,1,1,3750.0,False
7702970.0,1,1,1,1,3750.0,False
812690.0,1,1,1,4,3750.0,False
962480.0,1,1,1,1,3750.0,False
7707890.0,1,1,1,1,3730.0,False
7701370.0,1,1,1,2,3727.4,False
815250.0,1,1,1,1,3700.0,False
803290.0,1,1,1,1,3680.0,False
7703620.0,1,1,1,1,3675.0,False
807540.0,1,1,1,1,3660.0,False
7702630.0,1,1,1,4,3658.0,False
7700530.0,1,1,1,2,3657.0,False
7702270.0,1,1,1,1,3650.0,False
805230.0,1,1,1,1,3650.0,False
7700360.0,1,1,1,1,3644.0,False
7700870.0,1,1,1,1,3636.0,False
7704010.0,1,1,1,1,3630.0,False
7705800.0,1,1,1,1,3620.0,False
815210.0,1,1,1,1,3584.0,False
802620.0,1,1,1,1,3559.32,False
7706540.0,1,1,1,2,3528.0,False
961080.0,1,1,1,1,3528.0,False
931880.0,1,1,1,7,3500.0,False
804920.0,1,1,1,1,3480.0,False
813050.0,1,1,1,2,3477.9,False
7707620.0,1,1,1,1,3461.9,False
818830.0,1,1,1,3,3440.0,False
961000.0,1,1,1,2,3432.0,False
7705480.0,1,1,1,2,3401.69,False
7703040.0,1,1,1,1,3400.0,False
803140.0,1,1,1,1,3400.0,False
7702450.0,1,1,1,1,3389.83,False
806250.0,1,1,1,2,3388.0,False
812470.0,1,1,1,2,3375.0,False
7703610.0,1,1,1,1,3370.8,False
7705110.0,1,1,1,1,3369.2,False
809270.0,1,1,1,2,3365.0,False
813560.0,1,1,1,2,3350.0,False
7701600.0,1,1,1,1,3305.0,False
7700310.0,1,1,1,1,3302.55,False
809430.0,1,1,1,2,3300.0,False
960260.0,1,1,1,1,3240.0,False
7704700.0,1,1,1,1,3231.26,False
800920.0,1,1,1,2,3220.0,False
812010.0,1,1,1,1,3220.0,False
7700910.0,1,1,1,3,3216.0,False
809860.0,1,1,1,1,3200.0,False
960350.0,1,1,1,1,3200.0,False
965700.0,1,1,1,1,3200.0,False
964120.0,1,1,1,1,3190.0,False
807840.0,1,1,1,2,3178.0,False
808990.0,1,1,1,1,3178.0,False
7707000.0,1,1,1,2,3171.87,False
7703830.0,1,1,1,2,3152.3599999999997,False
7502970.0,1,1,1,1,3150.0,False
968960.0,1,1,1,1,3113.56,False
7501710.0,1,1,1,1,3107.1,False
7705270.0,1,1,1,1,3074.97,False
7700800.0,1,1,1,1,3066.41,False
805680.0,1,1,1,1,3037.5,False
7500460.0,1,1,1,1,3030.0,False
7501430.0,1,1,1,1,3000.0,False
800480.0,1,1,1,1,3000.0,False
816330.0,1,1,1,1,3000.0,False
967770.0,1,1,1,1,3000.0,False
804880.0,1,1,1,1,2971.0,False
803900.0,1,1,1,2,2970.0,False
812910.0,1,1,1,1,2970.0,False
7500210.0,1,1,1,1,2960.0,False
7706590.0,1,1,1,2,2958.3,False
7706620.0,1,1,1,1,2952.0,False
812860.0,1,1,1,2,2940.0,False
804720.0,1,1,1,2,2937.8,False
7706870.0,1,1,1,1,2920.0,False
805570.0,1,1,1,3,2919.9,False
816080.0,1,1,1,1,2900.0,False
967890.0,1,1,1,3,2889.9,False
805080.0,1,1,1,2,2872.0,False
7701240.0,1,1,1,3,2871.12,False
803840.0,1,1,1,2,2832.55,False
7705990.0,1,1,1,2,2820.0,False
817960.0,1,1,1,2,2820.0,False
803830.0,1,1,1,1,2800.0,False
963340.0,1,1,1,2,2800.0,False
813810.0,1,1,1,1,2780.0,False
805840.0,1,1,1,1,2753.0,False
7707610.0,1,1,1,1,2750.0,False
7700820.0,1,1,1,1,2743.76,False
940680.0,1,1,1,1,2730.0,False
7704840.0,1,1,1,1,2720.0,False
7704710.0,1,1,1,2,2710.0,False
808230.0,1,1,1,1,2680.0,False
808220.0,1,1,1,1,2675.0,False
7702230.0,1,1,1,2,2671.1800000000003,False
803270.0,1,1,1,2,2660.0,False
7706340.0,1,1,1,2,2650.0,False
7700650.0,1,1,1,1,2640.0,False
961620.0,1,1,1,1,2620.0,False
801990.0,1,1,1,2,2600.0,False
967740.0,1,1,1,1,2600.0,False
7707690.0,1,1,1,1,2560.93,False
802350.0,1,1,1,2,2560.0,False
7703980.0,1,1,1,2,2525.0,False
7703300.0,1,1,1,1,2510.0,False
809750.0,1,1,1,1,2500.0,False
810040.0,1,1,1,3,2490.0,False
7703310.0,1,1,1,1,2460.9,False
960010.0,1,1,1,2,2450.0,False
967650.0,1,1,1,1,2432.0,False
7702110.0,1,1,1,1,2420.0,False
806000.0,1,1,1,1,2400.0,False
816310.0,1,1,1,1,2400.0,False
964260.0,1,1,1,1,2400.0,False
964560.0,1,1,1,1,2400.0,False
7400460.0,1,1,1,1,2380.0,False
809400.0,1,1,1,2,2367.16,False
813760.0,1,1,1,1,2364.3,False
815580.0,1,1,1,1,2354.0,False
812090.0,1,1,1,1,2344.0,False
7704000.0,1,1,1,2,2340.0,False
7702790.0,1,1,1,2,2326.12,False
807560.0,1,1,1,1,2310.0,False
7500160.0,1,1,1,1,2300.0,False
7501220.0,1,1,1,1,2300.0,False
813280.0,1,1,1,1,2300.0,False
7705240.0,1,1,1,1,2296.88,False
807360.0,1,1,1,2,2288.0,False
7700260.0,1,1,1,1,2264.84,False
812080.0,1,1,1,1,2250.0,False
961900.0,1,1,1,1,2250.0,False
7705000.0,1,1,1,1,2247.44,False
7705980.0,1,1,1,1,2230.48,False
960680.0,1,1,1,3,2208.0,False
806730.0,1,1,1,1,2172.27,False
7700270.0,1,1,1,1,2166.0,False
7700150.0,1,1,1,1,2162.4,False
7702620.0,1,1,1,1,2142.0,False
813990.0,1,1,1,3,2121.0,False
7703780.0,1,1,1,1,2120.0,False
813680.0,1,1,1,1,2119.5,False
817350.0,1,1,1,1,2118.64,False
806370.0,1,1,1,2,2100.0,False
910760.0,1,1,1,1,2100.0,False
804290.0,1,1,1,2,2090.0,False
814830.0,1,1,1,2,2080.0,False
818150.0,1,1,1,1,2056.0,False
7502390.0,1,1,1,1,2050.0,False
7707340.0,1,1,1,1,2033.9,False
811990.0,1,1,1,1,2033.9,False
7701440.0,1,1,1,1,2028.0,False
7702820.0,1,1,1,1,2028.0,False
7700520.0,1,1,1,1,2016.0,False
963630.0,1,1,1,1,2005.0,False
809080.0,1,1,1,1,2000.0,False
7706890.0,1,1,1,1,1975.0,False
7500110.0,1,1,1,2,1974.0,False
7704940.0,1,1,1,1,1953.1,False
7705630.0,1,1,1,1,1937.5,False
960550.0,1,1,1,1,1936.5,False
7707280.0,1,1,1,1,1932.0,False
804410.0,1,1,1,1,1916.9,False
813530.0,1,1,1,2,1907.04,False
815870.0,1,1,1,1,1892.8,False
814280.0,1,1,1,1,1864.41,False
7707630.0,1,1,1,1,1835.94,False
7501140.0,1,1,1,1,1820.0,False
7704820.0,1,1,1,1,1800.0,False
801850.0,1,1,1,1,1800.0,False
802630.0,1,1,1,1,1800.0,False
812230.0,1,1,1,1,1800.0,False
965080.0,1,1,1,1,1800.0,False
966050.0,1,1,1,2,1800.0,False
960400.0,1,1,1,2,1793.0,False
7502960.0,1,1,1,1,1790.0,False
800230.0,1,1,1,2,1790.0,False
7700570.0,1,1,1,1,1779.7,False
816260.0,1,1,1,1,1752.37,False
7703950.0,1,1,1,1,1750.0,False
809480.0,1,1,1,1,1737.28,False
7706580.0,1,1,1,1,1728.52,False
910880.0,1,1,1,7,1727.6,False
806560.0,1,1,1,2,1700.0,False
7702840.0,1,1,1,1,1687.5,False
7707960.0,1,1,1,1,1680.0,False
810700.0,1,1,1,1,1660.0,False
7707680.0,1,1,1,1,1652.54,False
804810.0,1,1,1,2,1652.0,False
805400.0,1,1,1,1,1651.0,False
803100.0,1,1,1,1,1650.0,False
812040.0,1,1,1,1,1650.0,False
962590.0,1,1,1,1,1650.0,False
7708160.0,1,1,1,1,1640.63,False
815280.0,1,1,1,1,1627.01,False
961040.0,1,1,1,1,1608.0,False
961580.0,1,1,1,1,1600.0,False
7703910.0,1,1,1,1,1570.02,False
940520.0,1,1,1,1,1570.0,False
811480.0,1,1,1,1,1566.1,False
817720.0,1,1,1,1,1562.5,False
809470.0,1,1,1,1,1562.0,False
800410.0,1,1,1,1,1560.0,False
807590.0,1,1,1,1,1560.0,False
816020.0,1,1,1,1,1560.0,False
7702960.0,1,1,1,1,1550.0,False
803600.0,1,1,1,2,1550.0,False
7503730.0,1,1,1,1,1549.1,False
806360.0,1,1,1,1,1525.5,False
962090.0,1,1,1,2,1512.0,False
816880.0,1,1,1,1,1500.75,False
7702900.0,1,1,1,1,1491.53,False
7704180.0,1,1,1,2,1484.36,False
818080.0,1,1,1,2,1480.0,False
7707380.0,1,1,1,1,1474.2,False
811330.0,1,1,1,1,1472.03,False
7703020.0,1,1,1,1,1470.0,False
811920.0,1,1,1,3,1462.5,False
7706820.0,1,1,1,1,1456.0,False
960720.0,1,1,1,1,1455.0,False
811570.0,1,1,1,1,1450.0,False
7703870.0,1,1,1,2,1441.5,False
810100.0,1,1,1,1,1440.58,False
815330.0,1,1,1,1,1440.0,False
963200.0,1,1,1,1,1435.0,False
807340.0,1,1,1,1,1430.0,False
813870.0,1,1,1,2,1423.73,False
7707300.0,1,1,1,1,1417.26,False
910630.0,1,1,1,4,1414.1999999999998,False
7702870.0,1,1,1,3,1402.54,False
804710.0,1,1,1,1,1400.0,False
7707930.0,1,1,1,1,1382.82,False
7708120.0,1,1,1,1,1376.0,False
7700880.0,1,1,1,2,1374.0,False
801370.0,1,1,1,1,1370.0,False
800860.0,1,1,1,1,1360.0,False
7700980.0,1,1,1,1,1350.0,False
805420.0,1,1,1,2,1350.0,False
806470.0,1,1,1,1,1350.0,False
810360.0,1,1,1,1,1350.0,False
961200.0,1,1,1,1,1350.0,False
813470.0,1,1,1,1,1325.0,False
816440.0,1,1,1,1,1320.0,False
7703790.0,1,1,1,1,1303.14,False
7502250.0,1,1,1,1,1300.0,False
808880.0,1,1,1,4,1299.45,False
7705200.0,1,1,1,1,1298.34,False
960520.0,1,1,1,1,1296.0,False
7707270.0,1,1,1,1,1292.0,False
7703210.0,1,1,1,1,1289.06,False
818540.0,1,1,1,1,1275.0,False
961670.0,1,1,1,1,1260.0,False
7704930.0,1,1,1,1,1207.05,False
802150.0,1,1,1,1,1200.0,False
802280.0,1,1,1,1,1200.0,False
808800.0,1,1,1,1,1200.0,False
816550.0,1,1,1,1,1200.0,False
965600.0,1,1,1,1,1200.0,False
968680.0,1,1,1,1,1200.0,False
803960.0,1,1,1,1,1180.0,False
7708180.0,1,1,1,1,1150.0,False
7706120.0,1,1,1,1,1148.44,False
816190.0,1,1,1,2,1139.06,False
801160.0,1,1,1,2,1136.0,False
7702280.0,1,1,1,1,1125.0,False
7706880.0,1,1,1,1,1125.0,False
808850.0,1,1,1,1,1120.0,False
7100350.0,1,1,1,1,1116.0,False
7704290.0,1,1,1,1,1112.5,False
809120.0,1,1,1,1,1101.69,False
810110.0,1,1,1,1,1100.0,False
961940.0,1,1,1,1,1099.2,False
7702040.0,1,1,1,1,1095.32,False
809770.0,1,1,1,1,1090.0,False
803210.0,1,1,1,3,1085.0,False
7706760.0,1,1,1,1,1057.68,False
7704250.0,1,1,1,1,1054.68,False
7704730.0,1,1,1,1,1050.0,False
811410.0,1,1,1,1,1050.0,False
910930.0,1,1,1,1,1035.72,False
811630.0,1,1,1,1,1030.0,False
940280.0,1,1,1,1,1030.0,False
7707710.0,1,1,1,1,1026.56,False
7708100.0,1,1,1,1,1026.33,False
800740.0,1,1,1,1,1020.0,False
808540.0,1,1,1,1,1017.0,False
812440.0,1,1,1,1,1016.94,False
7704130.0,1,1,1,1,1015.63,False
802210.0,1,1,1,1,999.9,False
813000.0,1,1,1,3,997.47,False
7502520.0,1,1,1,1,996.61,False
7708200.0,1,1,1,1,991.5,False
7100930.0,1,1,1,1,978.5,False
808030.0,1,1,1,1,956.0,False
969390.0,1,1,1,1,952.0,False
817030.0,1,1,1,1,945.7,False
801040.0,1,1,1,2,940.0,False
816720.0,1,1,1,2,925.56,False
800700.0,1,1,1,1,920.0,False
808280.0,1,1,1,1,910.0,False
7707700.0,1,1,1,1,903.95,False
7701720.0,1,1,1,1,900.0,False
7703360.0,1,1,1,1,888.0,False
7706040.0,1,1,1,1,880.0,False
968800.0,1,1,1,1,876.0,False
7701870.0,1,1,1,3,848.46,False
800850.0,1,1,1,1,847.6,False
969340.0,1,1,1,1,847.6,False
813390.0,1,1,1,1,845.0,False
7705220.0,1,1,1,2,840.0,False
815920.0,1,1,1,1,840.0,False
966720.0,1,1,1,1,828.0,False
7705210.0,1,1,1,1,827.34,False
7503990.0,1,1,1,2,826.0,False
813770.0,1,1,1,1,819.9,False
7703140.0,1,1,1,1,816.0,False
7400370.0,1,1,1,1,815.0,False
817590.0,1,1,1,1,804.0,False
7707030.0,1,1,1,2,803.12,False
806800.0,1,1,1,1,800.0,False
807180.0,1,1,1,2,800.0,False
7703630.0,1,1,1,1,781.26,False
811940.0,1,1,1,1,780.0,False
960820.0,1,1,1,1,780.0,False
801580.0,1,1,1,1,775.0,False
803620.0,1,1,1,1,770.0,False
7706240.0,1,1,1,2,761.02,False
809590.0,1,1,1,1,760.0,False
7708040.0,1,1,1,2,759.44,False
7704020.0,1,1,1,1,756.0,False
7703250.0,1,1,1,1,750.0,False
801890.0,1,1,1,1,750.0,False
812250.0,1,1,1,1,750.0,False
812380.0,1,1,1,1,750.0,False
910710.0,1,1,1,1,750.0,False
932420.0,1,1,1,2,746.0,False
7501420.0,1,1,1,1,744.0,False
811500.0,1,1,1,1,734.75,False
7706290.0,1,1,1,1,732.0,False
7708230.0,1,1,1,1,728.12,False
7100800.0,1,1,1,1,720.0,False
7706130.0,1,1,1,1,720.0,False
809980.0,1,1,1,1,720.0,False
808140.0,1,1,1,1,718.64,False
803460.0,1,1,1,1,712.0,False
7704370.0,1,1,1,1,710.64,False
804950.0,1,1,1,1,708.0,False
7503480.0,1,1,1,1,701.28,False
7703220.0,1,1,1,1,700.0,False
805710.0,1,1,1,1,700.0,False
810330.0,1,1,1,1,700.0,False
811790.0,1,1,1,1,700.0,False
815690.0,1,1,1,1,700.0,False
803990.0,1,1,1,1,699.0,False
969270.0,1,1,1,1,685.0,False
964320.0,1,1,1,1,680.0,False
818040.0,1,1,1,1,677.97,False
815850.0,1,1,1,1,675.0,False
960560.0,1,1,1,1,672.3,False
804030.0,1,1,1,1,655.0,False
7500940.0,1,1,1,2,650.0,False
968900.0,1,1,1,1,635.0,False
7701250.0,1,1,1,2,634.75,False
7702560.0,1,1,1,1,612.0,False
816930.0,1,1,1,1,608.01,False
7705880.0,1,1,1,1,608.0,False
7705810.0,1,1,1,1,606.78,False
812880.0,1,1,1,1,600.0,False
816490.0,1,1,1,1,600.0,False
966090.0,1,1,1,1,600.0,False
813950.0,1,1,1,1,599.52,False
815790.0,1,1,1,1,588.0,False
7705960.0,1,1,1,1,587.3,False
7704800.0,1,1,1,1,580.0,False
801710.0,1,1,1,4,570.0,False
7702650.0,1,1,1,1,562.5,False
817860.0,1,1,1,1,560.0,False
7502150.0,1,1,1,1,556.0,False
808940.0,1,1,1,1,550.0,False
969630.0,1,1,1,1,550.0,False
806030.0,1,1,1,2,543.0,False
7705590.0,1,1,1,1,540.0,False
806630.0,1,1,1,1,540.0,False
812170.0,1,1,1,1,536.44,False
803510.0,1,1,1,1,528.0,False
7706350.0,1,1,1,1,520.0,False
7700590.0,1,1,1,4,514.6800000000001,False
810600.0,1,1,1,1,511.42,False
7702240.0,1,1,1,1,507.81,False
7707010.0,1,1,1,1,507.81,False
965560.0,1,1,1,1,504.0,False
812370.0,1,1,1,1,500.0,False
817260.0,1,1,1,1,500.0,False
960440.0,1,1,1,1,500.0,False
802360.0,1,1,1,1,486.0,False
810710.0,1,1,1,1,484.86,False
811760.0,1,1,1,1,480.0,False
7707240.0,1,1,1,1,475.0,False
818520.0,1,1,1,2,470.0,False
7702000.0,1,1,1,1,466.1,False
802020.0,1,1,1,1,466.1,False
940430.0,1,1,1,1,455.0,False
816000.0,1,1,1,2,452.0,False
801900.0,1,1,1,1,450.0,False
818030.0,1,1,1,1,448.0,False
7707190.0,1,1,1,1,445.5,False
7700760.0,1,1,1,1,445.31,False
810960.0,1,1,1,1,443.22,False
7702640.0,1,1,1,2,440.64,False
962970.0,1,1,1,1,430.0,False
800390.0,1,1,1,1,425.0,False
803750.0,1,1,1,1,420.0,False
7706500.0,1,1,1,1,418.0,False
7704640.0,1,1,1,1,416.0,False
806770.0,1,1,1,1,410.0,False
803200.0,1,1,1,1,400.0,False
806700.0,1,1,1,1,400.0,False
808300.0,1,1,1,1,400.0,False
7702720.0,1,1,1,1,396.0,False
7706090.0,1,1,1,1,390.62,False
804630.0,1,1,1,1,380.0,False
804850.0,1,1,1,1,380.0,False
7704630.0,1,1,1,1,375.0,False
800350.0,1,1,1,1,375.0,False
7703700.0,1,1,1,1,372.88,False
7706770.0,1,1,1,1,369.6,False
7707330.0,1,1,1,1,360.02,False
7701130.0,1,1,1,1,360.0,False
805150.0,1,1,1,1,360.0,False
812030.0,1,1,1,1,360.0,False
813010.0,1,1,1,1,360.0,False
814050.0,1,1,1,1,360.0,False
940620.0,1,1,1,1,360.0,False
960320.0,1,1,1,1,360.0,False
7702580.0,1,1,1,1,356.24,False
817050.0,1,1,1,1,355.94,False
7400180.0,1,1,1,1,355.0,False
812160.0,1,1,1,2,354.24,False
7706690.0,1,1,1,1,346.0,False
7703180.0,1,1,1,1,339.0,False
810030.0,1,1,1,1,339.0,False
802860.0,1,1,1,1,330.0,False
960950.0,1,1,1,1,325.0,False
7503150.0,1,1,1,1,323.04,False
811450.0,1,1,1,1,322.03,False
940760.0,1,1,1,1,312.0,False
806390.0,1,1,1,2,302.2,False
801420.0,1,1,1,1,300.0,False
805660.0,1,1,1,1,300.0,False
808930.0,1,1,1,1,300.0,False
813080.0,1,1,1,1,300.0,False
814900.0,1,1,1,1,300.0,False
818780.0,1,1,1,1,300.0,False
960670.0,1,1,1,1,300.0,False
961130.0,1,1,1,1,300.0,False
811900.0,1,1,1,1,298.0,False
805220.0,1,1,1,1,296.6,False
7700640.0,1,1,1,1,294.92,False
960630.0,1,1,1,1,290.0,False
801760.0,1,1,1,1,285.0,False
802480.0,1,1,1,2,281.53,False
7705600.0,1,1,1,1,280.0,False
808550.0,1,1,1,1,280.0,False
7703530.0,1,1,1,1,275.0,False
800260.0,1,1,1,1,270.0,False
806480.0,1,1,1,1,270.0,False
816350.0,1,1,1,1,270.0,False
940200.0,1,1,1,1,270.0,False
813900.0,1,1,1,1,263.2,False
968510.0,1,1,1,1,254.25,False
818640.0,1,1,1,1,254.22,False
812600.0,1,1,1,1,254.2,False
7706320.0,1,1,1,1,250.0,False
811840.0,1,1,1,1,250.0,False
815390.0,1,1,1,1,250.0,False
7501230.0,1,1,1,1,242.5,False
7701110.0,1,1,1,1,241.5,False
960700.0,1,1,1,1,240.0,False
960710.0,1,1,1,1,237.0,False
815020.0,1,1,1,1,230.0,False
931850.0,1,1,1,2,228.6,False
966220.0,1,1,1,1,225.0,False
7703070.0,1,1,1,1,223.56,False
7703400.0,1,1,1,1,223.2,False
7100180.0,1,1,1,1,221.2,False
808650.0,1,1,1,1,220.0,False
801680.0,1,1,1,1,217.5,False
7706390.0,1,1,1,1,217.18,False
940260.0,1,1,1,1,215.0,False
809610.0,1,1,1,1,213.6,False
7500120.0,1,1,1,1,208.0,False
800420.0,1,1,1,1,205.0,False
815460.0,1,1,1,1,203.4,False
7500980.0,1,1,1,1,200.0,False
815560.0,1,1,1,1,200.0,False
910960.0,1,1,1,2,200.0,False
963020.0,1,1,1,1,200.0,False
7704490.0,1,1,1,2,195.3,False
815160.0,1,1,1,1,190.7,False
806710.0,1,1,1,2,190.0,False
814150.0,1,1,1,1,189.0,False
7706110.0,1,1,1,1,181.36,False
813410.0,1,1,1,1,180.0,False
816050.0,1,1,1,1,180.0,False
816420.0,1,1,1,1,180.0,False
815740.0,1,1,1,1,178.58,False
811530.0,1,1,1,1,177.12,False
803320.0,1,1,1,4,172.92,False
910920.0,1,1,1,2,170.0,False
7703730.0,1,1,1,1,164.06,False
805410.0,1,1,1,1,162.0,False
7502330.0,1,1,1,1,161.24,False
811970.0,1,1,1,1,160.17,False
7704040.0,1,1,1,1,160.0,False
7400610.0,1,1,1,1,156.0,False
7707970.0,1,1,1,1,155.01,False
7705870.0,1,1,1,1,152.54,False
7706800.0,1,1,1,1,150.0,False
810830.0,1,1,1,1,140.0,False
812360.0,1,1,1,1,136.0,False
7503840.0,1,1,1,1,135.68,False
810140.0,1,1,1,1,125.0,False
7702750.0,1,1,1,1,118.64,False
7703230.0,1,1,1,1,110.16,False
7701260.0,1,1,1,1,100.0,False
804780.0,1,1,1,1,98.0,False
813040.0,1,1,1,1,98.0,False
7503110.0,1,1,1,1,94.5,False
807130.0,1,1,1,1,94.0,False
960570.0,1,1,1,1,93.0,False
967340.0,1,1,1,1,90.0,False
818840.0,1,1,1,1,89.28,False
812840.0,1,1,1,1,86.59,False
965130.0,1,1,1,1,86.0,False
7707590.0,1,1,1,1,85.94,False
803560.0,1,1,1,1,82.5,False
810950.0,1,1,1,1,81.36,False
800330.0,1,1,1,1,80.0,False
7702940.0,1,1,1,4,75.04,False
960610.0,1,1,1,1,75.0,False
980370.0,1,1,1,1,75.0,False
7703660.0,1,1,1,1,72.05,False
7501840.0,1,1,1,1,68.04,False
819330.0,1,1,1,1,67.8,False
7706810.0,1,1,1,1,64.4,False
800780.0,1,1,1,1,64.0,False
931890.0,1,1,1,1,62.5,False
812140.0,1,1,1,1,60.0,False
812070.0,1,1,1,1,52.54,False
7702060.0,1,1,1,1,50.92,False
809930.0,1,1,1,1,50.0,False
800370.0,1,1,1,1,46.0,False
816130.0,1,1,1,1,45.0,False
812210.0,1,1,1,1,42.5,False
7500860.0,1,1,1,1,40.0,False
805470.0,1,1,1,1,40.0,False
809650.0,1,1,1,1,40.0,False
810940.0,1,1,1,1,40.0,False
7706440.0,1,1,1,1,39.0,False
815080.0,1,1,1,1,35.0,False
811370.0,1,1,1,1,26.76,False
808360.0,1,1,1,1,25.0,False
7701640.0,1,1,1,1,23.36,False
7708220.0,1,1,1,1,20.38,False
7501800.0,1,1,1,1,17.64,False
812580.0,1,1,1,1,16.95,False
805880.0,1,1,1,1,12.0,False
7501520.0,1,1,1,1,10.2,False
813220.0,1,1,1,1,10.0,False
818720.0,1,1,1,1,8.0,False
7400010.0,1,1,1,2,0.0,False
