material_id,oun,transaction_count,median_unit_price,minimum_unit_price,maximum_unit_price,average_unit_price,spend,price_spread_pct,review_flag
7100100.0,KG,136,24.31,19.38,127.0,29.03154411764706,2119643360.55,4.426984779925957,Review
910010.0,KG,2555,17.65,2.25,131.58,19.03248532289628,1093782092.69,7.327478753541078,Review
910070.0,TO,2130,38100.0,6413.03,39750.0,37573.95489671362,1041177465.28,0.8749860892388451,Review
910860.0,KG,1985,17.05,2.0,160.0,17.219758186397986,611206330.01,9.266862170087975,Review
910000.0,TO,2672,36309.555,9780.0,39000.0,35946.05687125748,542905344.06,0.8047468496928701,Review
910420.0,KG,6526,20.3,1.8,30.0,20.208299111247317,396208137.27,1.3891625615763545,Review
7101190.0,KG,19,29.92,27.31,200.0,64.74894736842106,313961833.95,5.771724598930481,Review
910000.0,KG,223,15.14,6.42,31.78,17.89578475336323,100808872.83,1.6750330250990753,Review
920090.0,KG,21,153.36882,22.0,180.0,126.31625714285714,62916448.0,1.030196359338228,Review
940730.0,TO,1621,3300.0,1800.0,4000.0,3070.1326341764343,59653133.65,0.6666666666666666,Review
7200980.0,EA,10,0.01,0.01,2700.0,540.008,55350132.690000005,269999.0,Review
940730.0,L,304,69.7,42.6299,79.17,68.51002220394737,31331864.04,0.524248206599713,Review
920110.0,KG,9,151.0,124.15,925.0,416.3644444444445,29784375.0,5.30364238410596,Review
814370.0,EA,15,152.0,52.75,250000.0,31140.387333333332,28143202.67,1644.389802631579,Review
7200250.0,KG,193,50.0,31.48,175.0,76.12746113989637,27153816.11,2.8704,Review
7201350.0,EA,117,15.19,15.07,23.52,16.402649572649572,21005984.32,0.5562870309414087,Review
920060.0,KG,11,465.0,5.5,3000.0,1263.364090909091,20397545.0,6.439784946236559,Review
7100060.0,DOS,362,0.22,0.102,3.0,0.34168508287292815,18344571.0,13.172727272727274,Review
817500.0,KG,19,64.5,55.0,105.0,69.70526315789475,18332264.75,0.7751937984496124,Review
920050.0,KG,11,76.0,1.28,105.08,56.25,16557000.0,1.3657894736842104,Review
7100320.0,KG,95,23.5,19.0,440.0,28.279999999999998,14829216.5,17.914893617021278,Review
7400000.0,KG,67,47.94685714285715,0.95,178.8235294117647,49.77753486160529,14480771.459999999,3.709805814420587,Review
969770.0,EA,9,8900.0,0.95,364800.0,67257.40444444444,14246480.0,40.988657303370786,Review
951150.0,EA,87,68.0,0.79,68.0,55.04379310344828,13600804.45,0.9883823529411764,Review
7100070.0,DOS,60,0.087,0.051,5.5,0.9763000000000001,13095440.0,62.63218390804598,Review
920120.0,KG,22,4.6,4.6,62.71,9.882727272727273,12684291.35,12.632608695652175,Review
910670.0,KG,24,130.0,42.0,160.0,99.34375,12381661.2,0.9076923076923077,Review
921430.0,KG,6,350.0,90.0,2400.0,946.6833333333334,11917050.0,6.6,Review
950050.0,EA,68,39.0,9.31,42.0,36.15573529411765,11709050.5,0.8382051282051282,Review
920130.0,KG,13,38.0,31.0,660.0,89.46153846153847,11594100.0,16.55263157894737,Review
7200300.0,KG,8,184.70999999999998,31.05,206.0,134.1025,11418728.3,0.9471604136213524,Review
950010.0,EA,43,16.12,0.17,17.0,12.300488372093024,10954635.4,1.0440446650124067,Review
7200150.0,EA,39,11.14,11.14,29.25,17.831794871794873,10233538.3,1.6256732495511668,Review
7101570.0,L,160,795.0,104.23,795.0,597.35575,10176810.28,0.8688930817610062,Review
969820.0,EA,5,360100.0,322700.0,561100.0,398420.0,10114600.0,0.6620383226881422,Review
969830.0,EA,8,309800.0,233800.0,598600.0,329387.5,9769000.0,1.1775338928340866,Review
969780.0,EA,9,13175.0,121.0,135000.0,45629.600000000006,9194990.0,10.237495256166984,Review
920240.0,KG,5,109.37,49.0,112.8,85.918,9108832.4,0.5833409527292676,Review
818630.0,EA,16,595581.41,20.0,595581.41,484038.083125,8100910.33,0.9999664193682607,Review
921580.0,KG,7,60.0,44.5,650.0,142.07142857142858,7402250.0,10.091666666666667,Review
7100120.0,KG,322,2.4,1.5,16.25,3.0563664596273292,7256448.5,6.145833333333334,Review
7504080.0,EA,10,454.2889,76.8685,1205.6756666666668,544.6954879166667,6787152.6,2.48477822519253,Review
818740.0,EA,31,36610.0,11625.0,468988.5,187335.6629032258,6055171.55,12.492857142857142,Review
940010.0,KG,14,66.5,7.3,385.0,93.65714285714286,5985207.5,5.679699248120301,Review
950000.0,EA,42,2.34,0.278,26.65,5.842714285714286,5731817.8,11.270085470085471,Review
7101250.0,DOS,28,0.725,0.55,2.6,1.0383928571428571,5399000.0,2.8275862068965516,Review
7100080.0,DOS,9,4.05,0.6,4.22,2.9377777777777774,5390550.0,0.8938271604938272,Review
7100030.0,KG,161,36.75,3.0,145.0,42.97670807453416,5279902.5,3.8639455782312924,Review
921380.0,KG,22,32.735,16.72,132.0,42.99045454545455,4904024.5,3.521612952497327,Review
802100.0,BAG,11,164.06,134.804,269.53,173.40672727272727,4812186.65,0.8211995611361695,Review
7101970.0,KG,9,1082.0,668.0,1224.0,980.7777777777778,4534670.0,0.5138632162661737,Review
816520.0,EA,6,265000.0,24.0,842000.0,413170.6666666667,4163144.0,3.177267924528302,Review
7200180.0,EA,8,36.0,0.01,39.0,22.87875,4137653.0,1.0830555555555557,Review
920100.0,KG,8,2000.0,38.0,12000.0,2836.53125,4127467.5,5.981,Review
940020.0,KG,21,9.4,5.676,64.0,17.01199523809524,4100539.33,6.204680851063829,Review
969610.0,EA,5,220000.0,31000.0,2309125.0,606770.0,3409725.0,10.355113636363637,Review
816840.0,EA,7,7.62,7.62,1679688.0,239961.96,3373625.4,220430.4960629921,Review
7100020.0,KG,86,30.0,19.0,76.0,32.80174418604651,3143850.0,1.9,Review
7100080.0,L,86,154.0,56.0,220.0,155.19767441860466,2890000.0,1.0649350649350648,Review
950890.0,EA,14,17.36,0.7,20.5,13.23857142857143,2864553.88,1.140552995391705,Review
7201340.0,KG,25,73.0,58.0,98.0,76.12,2780344.9,0.547945205479452,Review
962460.0,EA,14,702.165,0.42,4843.75,1288.5942857142857,2615852.55,6.897709227888032,Review
951240.0,EA,17,17.8,17.0,28.86,21.95705882352941,2568952.08,0.6662921348314607,Review
7100320.0,EA,81,3.0,3.0,783.0,159.79012345679013,2454110.0,260.0,Review
814650.0,EA,38,9255.0,100.0,27957.0,10519.888947368421,2409345.68,3.009940572663425,Review
7101860.0,EA,41,500.0,24.1075,500.0,488.3928658536585,2367232.25,0.951785,Review
7101150.0,DOS,36,0.3,0.188384,1.5,0.45707244444444445,2261337.2,4.372053333333334,Review
951920.0,EA,9,1.85,1.3,116.4,14.333333333333334,2221700.0,62.21621621621622,Review
952140.0,EA,13,39.44,6.95,70.0,32.56307692307692,2221502.5,1.598630831643002,Review
818400.0,EA,16,600.0,51.79,5904.0,1119.873125,2139146.9,9.753683333333333,Review
803430.0,FT2,60,22.5,10.0,33.0,23.6495,2120568.71,1.0222222222222221,Review
7100090.0,L,8,495.0,68.8,510.0,340.8,1990560.0,0.8913131313131313,Review
802040.0,M,9,88.05,69.71,587.01,183.67777777777778,1817625.0,5.875070982396365,Review
800570.0,FT,10,11.34,2.98,35.0,14.390355932203388,1720190.0,2.8236331569664905,Review
7100030.0,L,35,241.61,46.0,241.61,230.4322857142857,1647767.0,0.8096105293655064,Review
819190.0,EA,8,1800.0,225.0,5150.0,2730.625,1635800.0,2.736111111111111,Review
801480.0,EA,15,590.0,83.2,1098.0,640.39,1627206.0,1.72,Review
7101700.0,KG,16,133.0,53.0,136.0,99.3125,1546800.0,0.6240601503759399,Review
802310.0,KG,48,40.040255,36.44,57.627120000000005,40.060406666666665,1507356.85,0.5291454812163411,Review
951890.0,EA,13,34.05,18.4,53.25,38.385384615384616,1485897.75,1.023494860499266,Review
952080.0,EA,16,4.475,3.0,14.69,6.958125,1388984.3,2.612290502793296,Review
920870.0,KG,20,25.541666666666664,21.9,300.0,100.32833333333333,1353750.0,10.888091353996739,Review
7101050.0,DOS,10,0.16,0.16,4.97799,0.641799,1328398.0,30.1124375,Review
7200160.0,EA,5,11.14,11.14,21.25,14.984,1271600.22,0.9075403949730699,Review
7101830.0,DOS,27,0.161,0.161,700.0,44.96388888888888,1262775.0,4346.826086956522,Review
950790.0,EA,13,25.4,24.3,46.5,32.91384615384615,1256330.08,0.8740157480314961,Review
7300610.0,EA,12,26.0,1.56,26.88,23.1075,1162260.0,0.9738461538461538,Review
818140.0,EA,19,28300.0,325.0,81800.0,32604.21052631579,1154715.0,2.878975265017668,Review
817520.0,EA,28,28650.0,127.12,28650.0,27631.325714285715,1146508.48,0.9955630017452007,Review
921310.0,KG,5,120.0,120.0,4500.0,1872.0,1080000.0,36.5,Review
816680.0,EA,7,750.0,540.0,500245.55,143433.01428571428,1042821.1,666.2740666666666,Review
818790.0,EA,5,635.59,48.0,3876.0,1805.118,1038735.59,6.022750515269277,Review
7100050.0,KG,5,1600.0,200.0,2800.0,1560.0,1028000.0,1.625,Review
952090.0,EA,22,11.99,11.99,60.0,19.570454545454545,1020291.5,4.004170141784821,Review
950820.0,EA,8,13.49002698535081,13.49,89.95,42.162506746337705,952460.45,5.667890811710756,Review
910520.0,KG,7,47.0,46.475,522.66,247.86928571428572,943028.86,10.13159574468085,Review
803540.0,FT2,13,3.0,2.9,5.0,3.6153846153846154,941499.6,0.7000000000000001,Review
818300.0,EA,6,1425.0,0.75,9230.0,3334.2916666666665,896900.0,6.476666666666667,Review
7504090.0,EA,10,76.8698,8.556189999999999,101.451875,62.5958755,888009.6,1.2084808988705578,Review
7101930.0,KG,6,918.0,918.0,3248.0,1694.6666666666667,875600.0,2.5381263616557734,Review
952110.0,EA,11,13.71,6.9,42.38,14.461818181818183,863853.0,2.587892049598833,Review
818060.0,EA,8,82750.0,23000.0,160000.0,84937.5,863500.0,1.6555891238670695,Review
802560.0,M,5,122.88,118.63,1425.0,382.454,812695.6,10.631266276041666,Review
951570.0,EA,14,0.8,0.08,2.32,0.7514285714285714,805576.0,2.7999999999999994,Review
967970.0,EA,5,131425.0,48074.0,165212.45,127871.33,798012.0,0.8912950351911738,Review
801820.0,M,44,27.52,12.03,1333.0,59.13522727272727,764753.6,48.00036337209303,Review
7701180.0,EA,34,2670.0,505.57,8085.94,3315.4114705882353,764647.1799999999,2.8390898876404496,Review
803430.0,EA,26,3.45,2.7,4.5,3.536538461538462,743130.0,0.5217391304347825,Review
951860.0,KG,16,135.0,120.0,198.0,148.875,699278.55,0.5777777777777777,Review
809110.0,KG,5,79.0,75.0,425.0,216.6,678500.0,4.430379746835443,Review
951340.0,EA,13,36.41,1.05,37.5,25.494615384615386,676162.5,1.0010985992859107,Review
806330.0,EA,12,1495.0,93.0,2400.0,1538.0,673871.0,1.54314381270903,Review
802930.0,EA,21,8515.83,8515.63,14000.0,9022.229523809525,659566.75,0.6440206063296239,Review
7100550.0,L,15,875.0,655.44,2500.0,1289.256,657098.4,2.1080685714285714,Review
951390.0,EA,6,9.92585,2.25,70.0,27.391949999999998,654564.08,6.825611912329926,Review
802910.0,EA,57,2800.0,1050.0,6000.0,3268.507368421053,625716.92,1.7678571428571428,Review
801810.0,M,47,7.52,4.0,59.0,15.977234042553192,622994.0,7.3138297872340425,Review
951190.0,EA,10,22.3,15.2,26.6,20.643,613564.08,0.5112107623318386,Review
7100040.0,KG,23,514.0,185.0,514.0,499.69565217391306,608054.0,0.6400778210116731,Review
818850.0,EA,10,170.0,9.0,580357.15,59222.615000000005,592442.15,3413.8126470588236,Review
951480.0,EA,7,10.2542,1.8,30.75,9.572028571428572,586329.75,2.823233406799165,Review
7201850.0,EA,13,1208.68,387.62,1630.48,1103.636923076923,578466.28,1.0282787834662608,Review
969640.0,EA,5,44400.0,17440.0,86800.0,42752.0,558300.0,1.5621621621621622,Review
817150.0,EA,12,4.265000000000001,0.59,9.7,4.434166666666667,533769.5,2.1359906213364592,Review
940000.0,KG,16,258.5,112.0,503.0,277.9375,527630.0,1.5125725338491296,Review
802920.0,EA,46,4400.0,184.02,13324.0,4422.489565217391,514533.26,2.9863590909090907,Review
800220.0,EA,10,32.0,16.0,450.0,75.4,514402.0,13.5625,Review
910560.0,KG,365,150.11,40.2,950.0,147.74746301369862,505688.54,6.060888681633468,Review
801980.0,KG,73,30.952399999999997,7.0,435.0,57.4399506849315,502677.69,13.827683798348433,Review
951580.0,EA,6,2.0,1.3,217.09,37.973333333333336,499523.9,107.895,Review
951800.0,EA,7,34.91,24.2966,48.0,34.78522857142857,494713.1,0.6789859639071899,Review
7500340.0,EA,5,16.2,16.2,166.97,46.354,487669.7,9.306790123456791,Review
816110.0,EA,6,65.255,45.0,188.27,84.96333333333334,477332.04,2.1955405716037086,Review
818960.0,EA,7,59.5,1.0,463852.72,66323.57428571428,473532.72,7795.827226890756,Review
960300.0,EA,9,157.5,6.5,1908.13,377.8588888888889,472342.85,12.073841269841271,Review
950920.0,EA,16,34.7,25.9,51.5,36.79375,467859.7,0.7377521613832853,Review
819070.0,EA,8,1910.845,123.38,31525.43,6078.3,467376.70999999996,16.433593514910942,Review
961110.0,EA,7,825.0,32.72,10137.0,1880.9914285714283,452406.0,12.247612121212121,Review
815840.0,EA,8,22411.0,18630.0,33750.0,25808.0,435072.0,0.6746686894828432,Review
801190.0,EA,21,7.0,1.31,37.4,14.183809523809524,433723.4,5.155714285714285,Review
7101530.0,DOS,15,0.078,0.078,0.125,0.09993333333333335,425300.0,0.6025641025641025,Review
920760.0,KG,8,412.5,171.0,800.0,470.375,408504.0,1.524848484848485,Review
818900.0,EA,11,750.0,61.5,339000.0,31577.39363636364,403124.65,451.918,Review
952100.0,EA,11,6.0,0.5027880778588808,6.0,4.734262952761328,398921.11,0.9162019870235198,Review
802790.0,KG,20,22.0,7.0,41.52542,23.341331500000003,397936.94,1.5693372727272725,Review
7705500.0,EA,6,73.475,8.12,730.84,220.94000000000003,395844.73,9.836270840421914,Review
818950.0,EA,9,560.0,25.0,27500.0,3804.6666666666665,388685.0,49.0625,Review
818670.0,EA,5,16625.0,3700.0,18050.0,11990.0,387800.0,0.8631578947368421,Review
952000.0,EA,19,23.57,5.96,48.395833333333336,29.418728070175437,387412.5,1.8004171970018386,Review
802330.0,KG,15,39.40678,0.9,45.0,37.41749333333333,387106.36,1.1190967645669097,Review
7500290.0,SET,6,70.09,68.75,184.82,88.98833333333334,386074.0,1.6560136966757024,Review
800000.0,EA,21,33.52,1.27,114.4,46.33360211640212,384370.38,3.375,Review
980010.0,EA,10,57.2,21.83,7203.0,1890.511,383374.18,125.54493006993006,Review
818990.0,EA,12,38.285,11.0,22000.0,3308.630833333333,361104.18,574.3502677288756,Review
801610.0,EA,23,8889.83,572.0,10490.0,8125.841739130434,355139.3,1.1156568798278483,Review
969850.0,EA,7,3402.75,21.6,100227.24,31934.989999999998,338581.0,29.44842847696716,Review
811740.0,L,6,228.035,180.0,328.9,230.98166666666665,333322.0,0.6529699388251803,Review
817980.0,EA,6,6.5,3.0,357.0,64.13333333333334,332037.0,54.46153846153846,Review
810340.0,EA,5,14500.0,92.5,14500.0,11618.5,330375.0,0.9936206896551724,Review
980050.0,EA,14,17013.6,17.46,32500.0,16403.11285714286,315416.15,1.9092102788357552,Review
801300.0,EA,7,11776.0,80.36,24500.0,9153.531428571428,313721.6,2.073678668478261,Review
811110.0,EA,5,54.0,6.708333333333333,1370.2,299.35883333333334,312932.8,25.24984567901235,Review
952060.0,EA,7,2.25,2.25,16.85,8.402857142857144,312061.5,6.48888888888889,Review
818710.0,EA,13,3437.5,1500.0,18700.0,5129.62,306441.31,5.003636363636364,Review
819220.0,EA,5,17000.0,220.0,17000.0,13644.0,306220.0,0.9870588235294118,Review
910570.0,KG,127,150.11,150.0,250.0,190.99251968503935,305205.42,0.6661781360335753,Review
818860.0,EA,7,5.45,0.8,190.0,51.635714285714286,300640.0,34.715596330275226,Review
819200.0,EA,11,1694.92,18.6,121016.94,21281.60636363636,297718.72,71.388820711302,Review
911040.0,KG,15,155.11,38.0,180.11,124.74000000000001,294203.21,0.9161885113790214,Review
960170.0,EA,7,3016.8,307.2,3605.4,2374.578571428571,288576.0,1.093277645186953,Review
969570.0,EA,6,132.5,18.0,142.0,104.66666666666667,276852.0,0.9358490566037736,Review
969940.0,EA,6,1130.51,20.0,35464.0,10572.086666666668,275941.02,31.35222156371903,Review
951220.0,EA,19,7.5,6.8,43.5,18.347368421052632,273810.0,4.8933333333333335,Review
800560.0,FT,7,7.66,6.091370558375634,15.0,9.383052936910804,267492.0,1.1630064545201524,Review
817640.0,EA,6,8.5,8.5,130.0,49.0,260263.5,14.294117647058824,Review
801520.0,EA,6,5700.8,26.79,19236.0,7307.196666666667,250533.6,3.369563920853213,Review
910640.0,KG,7,15.0,5.0,15.0,13.571428571428571,245475.0,0.6666666666666666,Review
969690.0,EA,8,3000.0,150.0,111030.4,17084.425,236674.0,36.96013333333333,Review
960450.0,EA,7,10.0,6.8,21.31,10.92,235686.0,1.4509999999999998,Review
801470.0,EA,14,267.0,34.0,717.6,278.955,235143.0,2.560299625468165,Review
814690.0,KG,9,115.0,34.0,120.0,98.73777777777778,232693.2,0.7478260869565218,Review
804140.0,FT2,5,175.0,115.0,312.0,193.4,232391.88,1.1257142857142857,Review
807100.0,EA,9,2125.0,486.85,7118.64,3169.43,231617.25,3.1208423529411764,Review
801620.0,EA,7,50.0,27.5,1755.0,455.7285714285714,229020.0,34.55,Review
803230.0,EA,25,5950.0,3000.0,11500.0,6216.3931999999995,225029.83000000002,1.4285714285714286,Review
951690.0,EA,6,24.8,1.806,47.0,28.36766666666667,224990.0,1.8223387096774195,Review
969700.0,EA,6,5842.5,29.66,16110.0,7325.776666666668,224466.0,2.7523046640992725,Review
819130.0,EA,12,3.27,3.2666666666666666,6960.0,2110.6569444444444,220360.0,2127.441386340469,Review
811580.0,EA,5,3600.0,1200.0,7200.0,3811.3599999999997,219380.0,1.6666666666666667,Review
7703090.0,EA,6,331.07,15.25,16775.0,5708.801666666666,218920.15,50.62298003443381,Review
951860.0,EA,6,6.125,1.29,11.0,5.68,215180.0,1.5853061224489797,Review
807710.0,M,5,99.0,92.0,440.0,217.0,211760.0,3.515151515151515,Review
980100.0,EA,7,209.0,14.25,96888.0,15689.92857142857,211426.0,463.5107655502392,Review
951960.0,EA,10,13.33,0.55,13.33,9.498999999999999,209315.0,0.9587396849212303,Review
969860.0,EA,9,2371.5,968.44,76500.0,10764.16,208932.0,31.849698503057137,Review
951640.0,EA,6,3.3449999999999998,2.34,4.35,3.345,206619.0,0.600896860986547,Review
801500.0,EA,12,532.125,86.4,670.5,434.46250000000003,204917.0,1.0976744186046512,Review
950020.0,EA,7,0.4,0.1,6.0,1.5671428571428572,202907.76,14.75,Review
819360.0,EA,14,3.45,1.1,1189.16,99.34500000000001,200945.0,344.3652173913044,Review
800080.0,KG,5,55.24,25.0,59.05,44.668,200720.0,0.6164011585807385,Review
802060.0,EA,11,937.5,102.0,106250.0,14464.634545454546,198317.58000000002,113.22453333333333,Review
802900.0,EA,5,22265.62,17695.31,30195.0,23365.56,194913.11,0.5613897120313739,Review
969980.0,EA,8,1434.5,1200.0,30600.0,8538.125,194910.0,20.49494597420704,Review
801970.0,KG,56,34.5,28.0,222.86,62.06357142857143,193988.05,5.648115942028986,Review
969710.0,EA,5,3986.75,2000.0,7277.0,4258.75,190626.0,1.3236345394118016,Review
802130.0,L,42,144.05,129.25,296.0,172.02428571428572,190522.83,1.1575841721624436,Review
801960.0,KG,8,47.88136,14.218800000000002,200.0,54.27273,185541.16,3.8800318119618993,Review
818870.0,EA,13,35.31,0.9,190.8,32.44461538461539,175837.64,5.378079864061172,Review
951990.0,EA,8,14.97,2.25,31.28,15.8675,175456.77,1.9392117568470273,Review
817400.0,EA,8,6000.0,6000.0,10483.9,6560.4875,175387.3,0.7473166666666666,Review
980040.0,EA,12,265.0,28.8,12000.0,3344.9,174810.0,45.17433962264151,Review
819160.0,EA,7,701.69,127.12,141400.0,21025.182857142856,172939.4,201.3323262409326,Review
819080.0,EA,9,156.24,6.3,5959.8,833.1044444444445,172688.0,38.104838709677416,Review
966690.0,EA,5,1110.0,600.0,2182.2,1186.44,171682.2,1.4254054054054053,Review
940040.0,KG,11,99.0,33.0,215.0,105.27272727272727,170195.0,1.8383838383838385,Review
802870.0,EA,18,1428.0,2.55,18630.0,3293.6566666666668,169295.27000000002,13.044432773109245,Review
980110.0,EA,15,1070.0,245.0,23828.13,2469.6193333333335,168842.1,22.040308411214955,Review
969990.0,EA,6,1660.13,172.0,60000.0,11596.210000000001,164120.54,36.03814159132116,Review
960500.0,EA,8,4.715,1.3,13.97,6.24125,163419.8,2.687168610816543,Review
966040.0,EA,5,3.8,3.8,30.0,13.88,161800.0,6.894736842105264,Review
818920.0,EA,8,382.5,35.28,96610.16,19544.2425,160669.66,252.48334640522876,Review
7504070.0,EA,5,593.78,447.52,1350.0,686.928,160500.0,1.5198895213715518,Review
810450.0,EA,23,4550.0,140.0,5500.0,4123.182608695652,154773.88,1.178021978021978,Review
7500250.0,EA,6,338.635,140.0,396.61,288.35833333333335,154234.5,0.7577775480975092,Review
7500470.0,EA,16,0.93,0.76,800.0,81.16979166666667,152940.0,859.3978494623656,Review
969300.0,EA,5,385.45,30.0,3840.3,991.55,152051.0,9.885328836424959,Review
7400710.0,KG,46,15.0,12.0,23.0,16.27173913043478,149000.0,0.7333333333333333,Review
816800.0,EA,5,48250.0,127.72,48250.0,29001.544,148777.72,0.9973529533678757,Review
805740.0,EA,5,520.0,296.61,13881.6,5747.468,148731.01,26.12498076923077,Review
800150.0,EA,25,480.0,296.61,750.0,478.62,147797.86,0.9445625,Review
980250.0,EA,7,1881.0,1064.0,11039.0,4735.071428571428,146640.0,5.303030303030303,Review
940560.0,KG,10,150.0,54.0,1350.0,261.0,145905.0,8.64,Review
801130.0,EA,14,1.0750000000000002,0.56,5.31,1.705,143074.0,4.41860465116279,Review
951180.0,EA,8,2.6785,0.37,9.21,3.8388750000000003,140536.0,3.300354676124697,Review
801010.0,EA,26,82.0,0.9,595.0,84.24923076923076,137751.28,7.245121951219512,Review
801640.0,EA,16,1058.5,8.47,1838.98,907.736875,137346.63999999998,1.7293434104865375,Review
801630.0,EA,17,16.95,11.0,550.0,157.99117647058824,137226.85,31.799410029498528,Review
812770.0,KG,42,89.0,49.11,700.0,273.1252380952381,136222.57,7.313370786516853,Review
801170.0,EA,6,11.4,7.31,42.0,18.768333333333334,132322.5,3.0429824561403507,Review
7503130.0,EA,6,15.16,11.5,1575.0,296.8066666666667,132158.4,103.13324538258576,Review
7502110.0,EA,5,0.33953120000000003,0.33953120000000003,0.7,0.41162496,126882.8,1.0616662032826436,Review
812890.0,KG,23,355.36,57.0,450.0,289.31434782608693,126728.84,1.1059207564160287,Review
964970.0,EA,5,0.87,0.87,265.0,53.696000000000005,123390.0,303.5977011494253,Review
801960.0,L,36,86.0,49.5,265.0,103.36166666666666,121259.87,2.505813953488372,Review
817310.0,FT2,7,255.0,115.0,6350.0,1131.8157142857142,120649.64,24.45098039215686,Review
801030.0,EA,43,119.0,2.0,950.0,186.25581395348837,120553.0,7.966386554621849,Review
817770.0,EA,20,417.565,8.72,1415.18,591.1665,120497.82,3.3682420700968714,Review
800490.0,KG,10,69.5,68.5,136.88,82.51599999999999,117932.05,0.9838848920863309,Review
805060.0,EA,5,848.0,101.43,2903.25,1077.656,115742.0,3.3040330188679246,Review
800110.0,EA,11,65.0,12.0,199.16,85.89999999999999,114305.2,2.879384615384615,Review
816950.0,EA,11,2512.12,1172.32,54429.26,10276.854545454546,113045.40000000001,21.199998407719377,Review
800130.0,EA,19,42.0,3.8639930555555555,338.14,61.93884137426901,111528.03,7.958952546296295,Review
800680.0,EA,21,81.81,42.63,160.0,79.7195238095238,111340.0,1.4346656887911013,Review
805530.0,EA,6,5700.0,41.48,26850.0,7665.246666666666,108716.0,4.7032491228070175,Review
815440.0,EA,8,200.0,11.0,26000.0,3523.0,108450.0,129.945,Review
969580.0,EA,6,531.5,2.3,1900.0,794.9666666666667,104975.0,3.570460959548448,Review
800050.0,EA,18,17.0,0.85,64.0,19.759444444444444,104572.9,3.7147058823529413,Review
800610.0,EA,14,10.39,8.0,75.0,19.28642857142857,103984.5,6.4485081809432145,Review
815470.0,EA,5,2246.0,271.54,23000.0,9757.816,102984.81,10.119528049866428,Review
812710.0,KG,29,25.0,25.0,178.58,47.60314827586207,101995.54,6.1432,Review
910550.0,KG,103,40.4,8.0,100.0,35.35601941747573,98716.77,2.2772277227722775,Review
818680.0,EA,5,5559.75,60.0,38392.86,12203.806,98215.38,6.894709294482666,Review
801180.0,EA,6,44.9,33.5,70.0,50.330000000000005,96358.6,0.8129175946547884,Review
910540.0,KG,221,20.0,5.6,80.0,25.280226244343893,95739.98,3.72,Review
7701160.0,EA,7,4090.0,21.06,10800.2,3415.3914285714286,94238.92,2.6354865525672375,Review
814600.0,EA,10,10.169333333333332,10.169333333333332,45.0,13.652466666666665,94080.0,3.425068834404091,Review
800040.0,EA,20,11.625,1.34,68.43,18.645500000000002,91783.5,5.771182795698925,Review
800160.0,EA,18,146.95,75.6,323.68,182.42944444444444,88797.0,1.688193263014631,Review
819020.0,EA,10,260.175,1.5,12500.0,2226.589,88284.34,48.03882002498318,Review
805900.0,EA,5,1.6,1.2,31.0,12.040000000000001,87334.0,18.625,Review
801510.0,EA,10,678.0,97.2,8832.0,2076.8450000000003,86837.0,12.883185840707963,Review
962020.0,EA,13,1800.0,180.0,8850.0,2139.7246153846154,85733.31,4.816666666666666,Review
817750.0,EA,10,7478.8150000000005,2033.89,16271.86,8415.32,84153.2,1.9037735256186976,Review
801150.0,EA,19,5.73,1.25,107.14,18.45263157894737,81056.0,18.479930191972077,Review
910530.0,KG,67,9.5,8.0,80.0,24.193283582089553,80859.49,7.578947368421052,Review
801830.0,M,5,5.933333333333334,4.95,51.98,24.128666666666668,80813.0,7.926404494382021,Review
7503010.0,EA,6,450.0,450.0,2768.0,1004.1666666666666,79350.0,5.151111111111111,Review
800640.0,EA,29,24.0,10.0,448.96,61.55034482758621,79147.8,18.29,Review
801460.0,EA,7,929.2,205.0,1201.9,743.8571428571429,78023.0,1.0728583727938013,Review
818590.0,EA,6,760.7,174.0,6800.0,1648.8,77899.4,8.710398317339292,Review
800530.0,EA,25,20.0,5.0,170.0,57.827600000000004,77286.0,8.25,Review
952010.0,EA,6,10.18,10.18,17.24,12.533333333333331,76694.0,0.6935166994106089,Review
807020.0,EA,19,1900.0,33.28,3580.0,1954.3484210526317,74929.85,1.8666947368421052,Review
969870.0,EA,10,2632.83,1055.24,9000.0,3685.4739999999997,74927.0,3.0175742452038303,Review
7700720.0,EA,14,246.62,77.12,783.74,338.0664285714286,74694.92,2.865217743897494,Review
801790.0,EA,41,44.45,8.8,237.29,46.606097560975606,73906.51,5.140382452193475,Review
817760.0,EA,12,1817.525,32.14,11016.94,3292.2225,73673.04000000001,6.043823331178388,Review
805510.0,EA,6,340.0,65.0,1650.0,530.7566666666667,73240.8,4.661764705882353,Review
800990.0,KG,7,135.16,128.38,362.0,193.53571428571428,72906.25,1.728469961527079,Review
806290.0,FT2,6,11.25,8.5,25.0,14.916666666666666,72850.0,1.4666666666666666,Review
7504000.0,EA,11,2700.0,0.75,3800.0,1815.7863636363638,72240.0,1.4071296296296296,Review
807390.0,EA,5,10.0,10.0,17559.01,4816.5019999999995,69604.0,1754.9009999999998,Review
7300600.0,EA,19,0.01,0.01,27.4,1.4515789473684209,68551.28,2738.9999999999995,Review
980240.0,EA,5,8500.0,290.0,16000.0,7457.0,68247.0,1.848235294117647,Review
801200.0,EA,11,27.95,18.2,47.45,28.122727272727275,68234.0,1.0465116279069768,Review
951540.0,EA,5,0.22,0.22,6830.0,1894.132,66480.0,31044.454545454544,Review
806200.0,EA,6,487.5,54.0,1298.18,613.2266666666667,65609.98,2.552164102564103,Review
801600.0,EA,10,2148.2200000000003,467.4,2400.0,1866.3740000000003,64738.0,0.8996285296664214,Review
7704670.0,EA,8,3400.0,2805.83,5398.44,3817.1437499999997,64161.619999999995,0.7625323529411764,Review
807510.0,EA,13,500.0,155.0,750.0,432.5576923076923,63486.2,1.19,Review
808520.0,EA,5,1650.0,1650.0,2520.0,1824.0,61850.0,0.5272727272727272,Review
812290.0,EA,5,275.42,22.0,880.0,363.524,61751.26,3.115242175586377,Review
7708460.0,EA,12,469.62,41.0,24027.89,2897.5400000000004,61264.38,51.07723265619011,Review
952120.0,EA,6,12.34,0.4,13.78,9.006666666666666,61180.0,1.0842787682333872,Review
800030.0,EA,19,10.71,3.26,25.0,11.16157894736842,61124.619999999995,2.029878618113912,Review
808730.0,EA,9,83.85,83.85,237.25,127.72555555555556,60483.0,1.8294573643410854,Review
980170.0,EA,7,339.29,8.47,38923.2,7463.887142857143,60107.57,114.69459754192577,Review
962200.0,EA,7,89.32,61.2,275.94,145.8957142857143,59960.0,2.4041648007165253,Review
804530.0,PAA,6,600.0,285.0,600.0,547.5,59700.0,0.525,Review
7100200.0,EA,9,25.0,20.0,110.0,39.595555555555556,59027.2,3.6,Review
800580.0,EA,10,11.5,3.68,50.0,13.609,58814.0,4.027826086956522,Review
801210.0,EA,10,97.625,71.5,252.2,126.845,58099.0,1.8509603072983354,Review
800100.0,EA,12,29.24,1.2919999999999998,143.0,44.00933333333333,57976.42,4.846374829001368,Review
800910.0,EA,6,0.45499999999999996,0.16,1.2,0.5116666666666666,57736.54,2.285714285714286,Review
801490.0,EA,8,103.62,86.4,303.75,127.12375,57602.0,2.097568037058483,Review
800710.0,EA,17,190.34,63.0,11200.0,826.5929411764707,57293.0,58.511085426079646,Review
804340.0,EA,6,480.93,190.0,1862.67,829.9166666666666,56758.0,3.4779905599567504,Review
7504010.0,EA,7,852.5,335.5,2160.0,972.3571428571429,55482.0,2.140175953079179,Review
808870.0,EA,6,167.12444444444446,3.888888888888889,1610.05,380.4061111111111,55464.799999999996,9.61056963540143,Review
7708480.0,EA,12,2021.125,432.46,5680.15,2474.116666666667,55194.3,2.5964203104706534,Review
7708370.0,EA,13,1788.0,548.51,7015.05,2781.883076923077,54678.96,3.616633109619687,Review
808950.0,EA,10,491.0,357.0,1662.7,583.107,53854.0,2.659266802443992,Review
800140.0,KG,7,129.46,53.0,185.0,121.35142857142857,53196.49,1.019619959833153,Review
7504060.0,EA,7,315.0,16.0,17010.0,5561.285714285715,53080.0,53.94920634920635,Review
7705580.0,EA,5,466.1,150.0,50000.0,10264.914,52033.04,106.95129800472002,Review
819030.0,EA,8,880.5,1.0168000000000001,7866.2,2317.7146000000002,50521.21,8.932632822260079,Review
807270.0,EA,13,35.31,4.802083333333333,11922.32,944.8992948717948,50180.7,337.5111276314547,Review
801970.0,L,14,70.66499999999999,64.76,110.0,80.18642857142856,50178.38,0.6402037783909997,Review
951230.0,EA,7,0.55,0.4,6.35,2.8228571428571425,49665.2,10.818181818181817,Review
806170.0,EA,5,4092.72,4050.0,14727.0,6211.034,49575.78,2.6087785140444497,Review
816940.0,EA,6,5498.0,1423.53,20934.33,7094.161666666667,49486.5,3.548708621316843,Review
808050.0,KG,18,225.0,30.0,742.84,267.80277777777775,49012.2,3.1681777777777778,Review
7701070.0,EA,6,480.15,0.82,704.55,449.4866666666667,48250.0,1.4656461522440902,Review
967420.0,SET,5,10887.8,6360.98,12669.0,9765.556,47976.0,0.5793658957732509,Review
800660.0,EA,7,147.84,70.0,213.71,143.36142857142858,46895.0,0.9720643939393939,Review
815800.0,EA,5,8898.3,789.48,10161.0,6017.415999999999,46517.6,1.0531809446748257,Review
980030.0,EA,7,2470.65,40.0,6390.0,2349.6142857142854,46253.0,2.570173840892073,Review
960920.0,M,7,368.64,217.44,1068.0,514.9085714285713,45786.6,2.3072916666666665,Review
7708400.0,EA,10,626.0799999999999,319.46,4096.85,998.406,44814.9,6.033398287758754,Review
805360.0,EA,7,38.44,4.96,10200.0,2394.7714285714287,44720.0,265.21956295525496,Review
7500040.0,EA,5,32.86,27.9,1330.43,306.81000000000006,44509.89,39.638770541692026,Review
807910.0,EA,6,712.5,712.5,6608.0,2676.3333333333335,43150.0,8.27438596491228,Review
800670.0,EA,16,36.675,10.17,221.76,72.2475,43041.0,5.769325153374234,Review
7708320.0,EA,9,1550.0,126.95,2128.6,1189.4311111111112,42271.61,1.2913870967741934,Review
960290.0,EA,7,125.0,120.0,1470.0,560.0,42135.0,10.8,Review
818530.0,EA,13,260.0,35.0,260.0,218.82692307692307,42075.0,0.8653846153846154,Review
818130.0,EA,5,306.0,3.5,935.0,354.3,41911.0,3.0441176470588234,Review
812500.0,EA,5,2100.0,839.04,5294.86,2855.8059999999996,41404.08,2.1218190476190473,Review
7701770.0,EA,5,2627.84,3.03,7744.75,2677.092,41204.020000000004,2.946039332683877,Review
808720.0,EA,11,126.75,32.5,128.7,84.79545454545455,41080.0,0.7589743589743588,Review
801800.0,EA,9,28.0,25.9,1800.0,530.7433333333333,40972.8,63.36071428571428,Review
980130.0,EA,8,299.725,10.81,14358.46,2088.2,40527.3,47.86938026524314,Review
808020.0,EA,13,1.5,1.1,145.0,12.399230769230769,39375.0,95.93333333333334,Review
980260.0,EA,8,688.75,20.52,1529.5,660.44,39167.5,2.190896551724138,Review
7708290.0,EA,17,395.58,180.0,8246.2,914.7417647058824,39103.68,20.390818544921384,Review
800540.0,EA,18,12.33,2.23,100.0,19.551666666666666,38957.9,7.929440389294403,Review
800120.0,EA,8,8.8,5.5,84.75,27.72625,38756.0,9.005681818181817,Review
800730.0,EA,16,151.28,17.86,433.38,141.9175,38432.0,2.746694870438921,Review
7708430.0,EA,12,1728.88,20.1,4046.8,1911.635,38316.0,2.3290800980981907,Review
7708190.0,EA,6,421.175,378.98,24102.43,4377.46,38301.71,56.326823766842764,Review
816960.0,EA,9,2093.43,1088.59,9211.11,3600.7055555555557,38100.490000000005,3.8800055411453935,Review
818170.0,EA,5,1995.0,1002.98,4935.0,2406.596,37854.0,1.9709373433583959,Review
801140.0,EA,17,2.04,1.13,63.99,11.672941176470587,37360.5,30.813725490196077,Review
7504020.0,EA,7,729.0,25.42,1915.0,768.0600000000001,36571.0,2.5920164609053495,Review
980320.0,EA,5,590.0,60.0,2100.0,761.0,36320.0,3.457627118644068,Review
804270.0,EA,8,613.0799999999999,120.0,2330.51,1071.6775,35930.520000000004,3.6055816532915776,Review
7504100.0,EA,7,58.806666666666665,3.2595,140.0,67.82742857142857,35577.5,2.3252550731209616,Review
800070.0,EA,11,15.35,11.6,95.0,29.126363636363635,35176.54,5.433224755700326,Review
969920.0,EA,6,4.765,0.09,5500.0,919.735,35040.0,1154.2308499475341,Review
7101200.0,EA,8,8.25,1.6,17.6,9.262500000000001,34795.0,1.9393939393939394,Review
800220.0,PAA,13,40.0,14.0,310.0,107.92307692307692,34470.0,7.4,Review
969880.0,EA,6,3849.58,800.0,7004.14,3598.7566666666667,33702.0,1.6116407504195265,Review
7703510.0,EA,6,2317.1549999999997,44.88,2854.47,1721.62,33090.619999999995,1.2125170737391326,Review
7701710.0,KG,5,67.79661,66.11,176.27,99.257322,32735.26,1.6248600040621501,Review
801440.0,EA,7,542.5,162.8,600.0,419.5028571428571,32670.0,0.8058986175115207,Review
802710.0,EA,7,61.86,61.86,877.11,201.02857142857144,32583.9,13.178952473326866,Review
802230.0,EA,6,163.0,74.12,163.0,145.18666666666667,32407.0,0.5452760736196319,Review
812720.0,KG,17,176.19,31.07,462.9,226.6083294117647,32340.010000000002,2.45093365117203,Review
7708300.0,EA,12,899.155,481.73,5485.96,1500.1583333333335,32255.579999999998,5.565480923756193,Review
800490.0,EA,5,10.72,10.0,20.0,12.766,32130.65,0.9328358208955223,Review
980300.0,EA,5,1150.0,55.0,10200.0,3201.0,31450.0,8.821739130434782,Review
814880.0,EA,10,335.0,280.0,650.0,398.0,31050.0,1.1044776119402986,Review
801770.0,EA,8,407.5,98.0,1040.0,473.875,30760.0,2.3116564417177914,Review
813580.0,EA,9,180.0,9.524,180.0,158.39155555555556,30606.2,0.9470888888888889,Review
800300.0,M,6,142.5,95.0,230.25,145.70833333333334,30603.98,0.9491228070175438,Review
809780.0,EA,19,6.3,6.0,40.0,8.037894736842105,30520.9,5.396825396825397,Review
980230.0,EA,8,500.0,25.0,500.0,385.625,30500.0,0.95,Review
801000.0,KG,6,174.58,160.0,400.0,215.86,30345.4,1.37472791843281,Review
801080.0,EA,14,6.25,2.44,47.85,9.165714285714285,30281.4,7.265600000000001,Review
980190.0,EA,7,590.0,245.0,4180.0,1219.2857142857142,30180.0,6.669491525423729,Review
800550.0,EA,10,14.280000000000001,4.46,30.0,15.765,29931.78,1.7885154061624648,Review
960460.0,EA,5,15.96,11.65,37.37,21.928,29498.5,1.6115288220551376,Review
960540.0,KG,6,59.7456,56.0,2775.42,512.9852,29496.31,45.51665729359149,Review
7504050.0,EA,10,362.645,2.5,1800.0,473.591,29426.0,4.956638034441396,Review
810640.0,EA,5,4813.0,974.57,5043.0,3344.078,29329.95,0.8453002285476833,Review
7700490.0,EA,5,170.8,2.64,170.8,103.53600000000002,29223.8,0.9845433255269321,Review
960780.0,EA,5,807.5,807.5,1489.5,973.76,29162.0,0.8445820433436533,Review
960510.0,EA,7,1.7,0.42,7.27,2.1814285714285715,29103.0,4.029411764705882,Review
7704620.0,EA,5,2883.0,42.5,4507.81,2875.568,29008.770000000004,1.5488414845646896,Review
960490.0,EA,5,4.72,2.88,6.71,4.452,28968.0,0.8114406779661018,Review
812700.0,KG,5,133.33,55.358000000000004,133.33,102.1412,28213.67,0.5848046201155029,Review
980350.0,EA,5,811.69,83.0,15000.0,3391.728,27962.0,18.37770577437199,Review
800090.0,EA,13,35.0,0.325,270.0,83.90038461538461,27924.6,7.705,Review
801960.0,EA,10,127.795,40.0,220.34,114.827,27904.54,1.4111663210610743,Review
7500510.0,EA,8,1.61,1.1,3.38,1.8325,27506.0,1.4161490683229812,Review
807240.0,EA,7,72.0,72.0,508.47,134.35285714285715,27445.41,6.062083333333334,Review
814710.0,FT2,13,38.0,7.0,38.0,31.423076923076923,27441.0,0.8157894736842105,Review
804230.0,EA,5,205.38,14.64,10345.0,4212.034,27391.0,50.29876326808843,Review
812660.0,L,12,59.3,19.05,76.2,62.270833333333336,27034.1,0.9637436762225972,Review
7708280.0,EA,7,560.57,27.34,3271.87,828.6657142857142,26592.760000000002,5.787912303548173,Review
806080.0,EA,6,47.879999999999995,26.27,670.55,193.88166666666666,26350.079999999998,13.456140350877194,Review
7707200.0,EA,6,750.0,721.85,3231.36,1157.325,26238.39,3.3460133333333335,Review
802080.0,EA,7,27.0,5.21,134.0,38.57285714285714,26184.300000000003,4.77,Review
817820.0,EA,7,100.0,100.0,1326.0,291.1228571428572,25987.2,12.26,Review
7700620.0,SET,9,2343.76,710.94,2656.24,2050.351111111111,25796.92,0.8299911253711982,Review
980070.0,EA,7,1122.88,131.3,9090.0,2422.5214285714287,25192.53,7.97832359646623,Review
800830.0,EA,9,70.0,30.0,195.0,84.97333333333333,25021.0,2.357142857142857,Review
800890.0,EA,7,9.0,7.5,200.0,36.07142857142857,25020.0,21.38888888888889,Review
800080.0,EA,7,6.0,0.17,30.0,8.415714285714285,24842.6,4.971666666666667,Review
969810.0,EA,6,2144.6,592.96,5862.96,2887.58,24769.0,2.4573347011097644,Review
969800.0,EA,6,1506.6,706.5,2282.0,1511.9333333333334,24491.0,1.0457321120403558,Review
7708390.0,EA,12,595.8050000000001,65.76,5240.0,976.4958333333334,24410.68,8.684452127793488,Review
802720.0,EA,7,950.0,127.12,2881.35,982.2042857142858,24296.63,2.8991894736842108,Review
809440.0,EA,6,18.805,0.35,40.0,19.261666666666667,24091.52,2.1084817867588406,Review
910580.0,KG,107,25.0,10.0,125.0,32.99065420560748,23800.6,4.6,Review
813340.0,EA,5,61.25,26.79,67.0,55.05799999999999,23743.08,0.6564897959183673,Review
806790.0,EA,5,402.54,20.52,402.54,326.136,23632.32,0.9490236995081235,Review
910840.0,KG,20,120.0,100.0,220.0,137.0,23270.0,1.0,Review
802160.0,EA,5,211.9,130.0,300.0,218.38000000000002,23047.6,0.8022652194431336,Review
803020.0,EA,6,102.6,52.08,595.28,233.88166666666666,23000.0,5.294346978557504,Review
800800.0,EA,9,298.0,191.0,1750.0,528.2222222222222,22516.0,5.231543624161074,Review
7708350.0,EA,8,858.26,257.31,6453.5,1974.925,22469.809999999998,7.219478945774007,Review
812760.0,KG,16,557.1,56.0,157140.0,19107.630624999998,22467.19,281.9673308203195,Review
7704990.0,EA,5,635.59,20.0,6287.79,2634.138,22008.59,9.861372897622681,Review
980120.0,EA,5,745.0,152.24,6910.0,2177.768,21949.0,9.070818791946309,Review
805920.0,EA,5,2000.0,100.0,2850.0,1515.508,21726.2,1.375,Review
940060.0,PAK,5,2665.0,850.0,3400.0,2233.0,21595.0,0.9568480300187617,Review
910950.0,KG,6,5.08375,0.138,30.0,11.740583333333333,21593.0,5.874010327022375,Review
800180.0,EA,8,220.495,62.22,481.0,244.03875,21221.0,1.8992720923376947,Review
818930.0,EA,7,140.0,22.0,10593.22,2527.46,21124.22,75.50871428571428,Review
800310.0,M,8,366.67,120.0,366.67,330.0025,21120.0,0.6727302479068372,Review
801070.0,EA,7,21.0,2.03,34.07,18.62857142857143,20706.0,1.5257142857142856,Review
7707810.0,EA,9,480.39,222.3,616.25,413.24,20447.54,0.8200628655883762,Review
7708310.0,EA,14,64.35,32.4,1666.34,527.3421428571429,19984.030000000002,25.39145299145299,Review
801780.0,EA,7,82.0,16.0,480.0,235.64285714285714,19570.0,5.658536585365853,Review
804730.0,EA,6,950.0,1.6,1250.0,743.6,19548.4,1.3141052631578949,Review
7708450.0,EA,8,1170.56,11.16,6640.63,1507.375,19129.13,5.663502938764353,Review
800970.0,EA,15,2.3,0.95,4.9,2.502666666666667,19049.0,1.7173913043478264,Review
812740.0,KG,12,1166.665,95.24,2000.0,1065.1591666666666,19000.98,1.6326537609339442,Review
7708380.0,EA,10,603.99,214.5,2532.43,971.6120000000001,18963.11,3.8376959883441777,Review
7708490.0,EA,8,674.325,3.8,7859.14,1433.96875,18791.02,11.649189930671412,Review
980200.0,EA,6,1534.0,10.12,5285.0,2001.53,18267.0,3.43864406779661,Review
801690.0,EA,11,2.9,0.98,200.0,27.792727272727276,18064.0,68.62758620689655,Review
818770.0,EA,13,510.0,26.6666,700.0,560.5128153846155,17926.64,1.320261568627451,Review
814820.0,KG,12,72.75,40.17,85.0,66.16333333333334,17689.5,0.6162199312714777,Review
7708470.0,EA,11,812.11,8.16,7632.42,1242.7981818181818,17683.5,9.388210956643805,Review
7700410.0,EA,9,6.37,3.55,340.68,84.26222222222222,17612.78,52.92464678178964,Review
969930.0,EA,6,423.0,280.0,1260.0,550.6666666666666,17280.0,2.316784869976359,Review
980220.0,EA,5,781.95,136.5,3575.65,1158.142,16421.22,4.3981712385702405,Review
803950.0,EA,9,250.0,57.22,480.0,330.80222222222227,16359.0,1.69112,Review
7701820.0,EA,6,1304.215,6.25,2382.82,1146.8166666666668,16282.54,1.8222225629976656,Review
7702180.0,SET,9,1835.94,65.26,4140.62,1806.7822222222223,16261.04,2.21976753052932,Review
806300.0,EA,5,45.0,45.0,150.0,66.0,16200.0,2.3333333333333335,Review
817060.0,EA,6,1482.5,1.2,2711.86,1398.6599166666667,16093.8,1.8284384485666108,Review
808150.0,EA,7,15.0,12.0,246.6,69.88142857142857,16060.2,15.639999999999999,Review
7706420.0,EA,5,261.68,67.5,4159.79,1765.65,15652.48,15.638527973096911,Review
7708360.0,EA,10,406.485,65.63,4050.0,1283.67,15396.460000000001,9.802009914264978,Review
800720.0,EA,16,42.0,5.5,230.0,62.29,15350.4,5.345238095238095,Review
812730.0,KG,15,152.0,44.64,800.0,376.2286666666667,15345.439999999999,4.969473684210526,Review
7708410.0,EA,8,422.385,47.5,1694.92,584.42125,15233.779999999999,3.9002805497354314,Review
932110.0,EA,18,56.745555555555555,15.71,56.745555555555555,43.95597222222222,14825.42,0.7231501243367077,Review
812870.0,EA,14,90.195,0.9,202.85,84.60342142857142,14794.92,2.239037640667443,Review
817230.0,EA,11,1050.0,20.0,2700.0,1333.7136363636364,14770.85,2.552380952380952,Review
801940.0,EA,8,30.0,25.0,60.0,32.825,14711.2,1.1666666666666667,Review
910860.0,EA,14,68.98,40.0,77.96000000000001,66.48,14509.0,0.5503044360684257,Review
806460.0,EA,5,466.36,432.0,1079.38,579.238,14225.42,1.3881550733339054,Review
7503940.0,EA,6,1451.6,113.05,3556.8,1644.45,14130.0,2.37238219895288,Review
812750.0,KG,23,400.0,95.24,1200.0,424.7621739130435,13827.18,2.7619,Review
809990.0,EA,5,64.0,59.5,720.33,324.732,13793.3,10.32546875,Review
812460.0,EA,7,90.0,15.0,90.0,60.0,13755.0,0.8333333333333334,Review
7708500.0,EA,7,949.93,5.42,1765.06,953.5,13375.69,1.8523891234090932,Review
7701860.0,EA,6,87.5,87.5,750.0,204.41333333333333,13214.8,7.571428571428571,Review
980060.0,EA,7,70.0,20.0,1780.0,421.42857142857144,13180.0,25.142857142857142,Review
800600.0,M,7,50.0,22.0,82.0,49.135714285714286,13054.0,1.2,Review
809450.0,EA,7,800.0,650.0,1250.0,865.7142857142857,12960.0,0.75,Review
803940.0,EA,5,96.94,31.82,360.0,135.752,12859.4,3.385393026614401,Review
803810.0,M,7,28.26,18.0,37.0,27.360000000000003,12826.8,0.6723283793347488,Review
910610.0,KG,46,20.0,10.0,40.0,18.73913043478261,12785.0,1.5,Review
7708150.0,EA,6,687.5,45.0,2453.2,988.6183333333333,12780.460000000001,3.5028363636363635,Review
911010.0,KG,34,48.2,48.2,158.11,55.160000000000004,12372.76,2.280290456431535,Review
910900.0,EA,13,0.9525,0.9525,2.0,1.033076923076923,12220.51,1.0997375328083987,Review
802050.0,PAK,11,3.81,3.81,55.51,15.772727272727273,11957.24,13.569553805774277,Review
800060.0,EA,9,16.95,2.07,28.0,14.764444444444443,11791.72,1.5297935103244837,Review
800750.0,EA,9,60.0,44.02,110.36,63.60888888888889,11579.0,1.1056666666666668,Review
7707110.0,EA,6,118.81,110.17,1777.5,668.8233333333334,11504.560000000001,14.033583031731334,Review
7705540.0,EA,7,218.35,92.97,320.68,208.47142857142856,11433.6,1.042866956720861,Review
802790.0,EA,6,0.5,0.29,140.0,23.781666666666666,11260.0,279.42,Review
800760.0,EA,11,54.56,41.54,80.0,58.95545454545454,10855.0,0.7049120234604106,Review
800060.0,PAK,5,5.08,4.07,88.98,25.508000000000003,10833.92,16.714566929133856,Review
910720.0,PAK,6,74.0,44.64,280.0,100.10666666666667,10233.2,3.180540540540541,Review
800400.0,EA,6,62.5,15.0,120.0,62.26666666666667,10230.0,1.68,Review
980280.0,EA,8,220.0,150.0,3000.0,671.3325,10012.0,12.954545454545455,Review
802410.0,EA,6,37.385,2.0,1350.0,413.16166666666663,9835.27,36.05724220944229,Review
810430.0,EA,5,600.0,16.24,1478.81,732.7719999999999,9320.43,2.4376166666666665,Review
7705900.0,EA,5,39.76,3.85,727.26,165.598,9252.9,18.194416498993963,Review
964310.0,EA,5,1303.25,100.0,1442.35,880.0899999999999,9174.0,1.03000191828122,Review
818490.0,EA,8,30.0,1.7,36.0,23.65,9046.0,1.1433333333333333,Review
7705050.0,EA,5,273.52,164.75,451.41,315.844,8679.970000000001,1.0480403626791461,Review
980180.0,EA,8,34.0,12.71,1318.2,194.91625,8495.3,38.396764705882354,Review
819000.0,EA,7,450.0,90.0,2925.0,760.7142857142857,8369.24,6.3,Review
963000.0,EA,8,383.4,133.3,600.0,377.0125,8225.0,1.217266562336985,Review
7705310.0,EA,5,400.0,166.78,1150.0,627.062,8153.91,2.45805,Review
800240.0,EA,7,8.0,5.0,13.5,8.428571428571429,7930.0,1.0625,Review
801400.0,EA,5,37.0,37.0,340.0,142.7,7905.0,8.18918918918919,Review
814770.0,KG,15,140.0,120.0,271.19,153.41266666666667,7713.8,1.0799285714285713,Review
969950.0,EA,7,222.88,28.91,1129.66,321.9814285714286,7512.02,4.938756281407035,Review
910940.0,KG,12,30.0,20.0,144.07,46.928333333333335,7236.4,4.135666666666666,Review
800560.0,EA,5,31.88,3.12,40.0,23.78,7235.0,1.1568381430363865,Review
803820.0,EA,5,50.0,11.3,1336.2,291.9916666666667,7059.0,26.498,Review
7700420.0,EA,5,2.11,1.88,55.0,22.62,7011.36,25.175355450236967,Review
961690.0,EA,6,9.75,7.0,19.5,11.166666666666666,6985.0,1.2820512820512822,Review
812980.0,KG,5,76.19,74.29,138.04,89.942,6939.69,0.8367239795248719,Review
805000.0,EA,7,10.0,6.78,37.0,18.222857142857144,6865.08,3.022,Review
7702080.0,EA,9,601.7,114.4,1403.38,741.4244444444445,6672.820000000001,2.142230347349177,Review
801270.0,EA,5,310.0,10.0,320.0,220.32,6658.0,1.0,Review
910620.0,KG,50,15.0,8.33,30.0,15.0772,6617.37,1.4446666666666668,Review
812780.0,KG,7,112.5,103.57,228.57,141.83571428571426,6539.24,1.1111111111111112,Review
803910.0,EA,5,186.3,20.0,380.0,165.632,6494.64,1.932367149758454,Review
802070.0,PAK,6,291.95,170.0,350.0,289.6333333333333,6462.9,0.6165439287549238,Review
804680.0,EA,8,26.65,20.0,300.0,65.3575,6404.26,10.506566604127581,Review
800590.0,EA,9,14.07,3.86,38.0,16.471111111111114,6299.0,2.4264392324093818,Review
808420.0,EA,8,67.795,12.0,118.7,67.9275,6246.62,1.5738623792315067,Review
813130.0,KG,8,75.0,75.0,1428.57,582.58875,6157.15,18.0476,Review
819230.0,EA,8,192.5,125.0,500.0,263.95125,6113.22,1.948051948051948,Review
801720.0,EA,8,65.0,36.84,550.0,160.065,6055.6,7.8947692307692305,Review
805040.0,EA,5,52.62,45.05,296.61,148.702,6045.06,4.780691752185481,Review
812320.0,EA,5,210.0,67.8,300.0,199.56,6018.0,1.1057142857142856,Review
806110.0,L,6,377.115,135.0,1400.0,509.175,5993.96,3.354414435914774,Review
816610.0,EA,6,272.5,145.0,400.0,272.5,5735.0,0.9357798165137615,Review
801690.0,M,6,5.891666666666667,5.45,35.0,15.447222222222223,5500.0,5.015558698727015,Review
805370.0,EA,6,54.72,7.15,403.6,99.19,5467.07,7.245065789473685,Review
7704610.0,EA,5,301.87,298.24,630.63,432.646,5444.5,1.1011031238612647,Review
800250.0,EA,7,11.0,6.5,50.0,19.285714285714285,5303.0,3.9545454545454546,Review
7703940.0,EA,5,90.0,30.0,2693.77,602.754,4967.21,29.597444444444445,Review
7708140.0,EA,5,99.22,84.98,498.9,253.4,4787.280000000001,4.171739568635355,Review
815480.0,EA,7,25.0,0.4238,70.0,32.3608,4731.3,2.783048,Review
818440.0,EA,5,22.0,20.0,2646.0,549.396,4635.6,119.36363636363636,Review
813890.0,KG,9,20.0,15.0,30.0,20.555555555555557,4563.0,0.75,Review
800840.0,EA,5,150.0,67.8,280.0,152.56,4147.0,1.4146666666666665,Review
800980.0,EA,8,0.8,0.4,5.5,1.425,3980.0,6.374999999999999,Review
7706750.0,SET,7,406.24,331.24,843.76,565.1771428571428,3956.24,1.2616187475384009,Review
801260.0,EA,8,1.0,0.18,1.5,0.8175,3760.0,1.32,Review
812970.0,KG,5,266.67,80.95,304.76,200.0,3752.3,0.839277009037387,Review
800020.0,EA,8,4.03,3.39,50.0,16.9775,3676.52,11.565756823821339,Review
800930.0,KG,5,60.0,50.0,88.0,65.554,3636.5,0.6333333333333333,Review
7100310.0,EA,5,2.1966666666666668,2.15,3.5073333333333334,2.6444,3631.2,0.6179059180576632,Review
800690.0,EA,7,21.76,17.98,42.16,26.28,3533.0,1.1112132352941173,Review
819090.0,EA,5,0.9,0.9,1270.0,254.9,3520.0,1410.111111111111,Review
931900.0,KG,25,160.0,120.0,220.0,159.6,3372.0,0.625,Review
969470.0,EA,8,202.73,55.93,202.73,169.66375,3310.79,0.7241158190696986,Review
910870.0,KG,13,100.0,50.0,200.0,113.44076923076923,3037.8,1.5,Review
812730.0,EA,6,65.0,48.57,148.31,75.99333333333333,2617.39,1.5344615384615385,Review
7701150.0,EA,5,8.06,8.06,40.0,18.776,2503.56,3.9627791563275427,Review
810480.0,EA,5,149.15,16.95,1700.0,447.62600000000003,2433.89,11.284277572913174,Review
800960.0,KG,8,64.0,42.0,88.0,64.125,2320.06,0.71875,Review
7702180.0,EA,15,142.18,11.72,381.24,153.944,2309.16,2.59895906597271,Review
910890.0,KG,17,80.0,40.0,209.52,118.00117647058823,2071.8900000000003,2.119,Review
7701090.0,EA,5,0.75,0.75,3.67,1.3719999999999999,2041.08,3.893333333333333,Review
803930.0,EA,5,12.0,8.14,145.0,44.656,1980.0,11.405000000000001,Review
7700610.0,SET,10,84.74,84.74,326.28,157.202,1826.2399999999998,2.8503658248760915,Review
809880.0,EA,5,132.1,3.7,288.98,150.956,1758.03,2.1595760787282363,Review
814620.0,KG,10,100.0,50.0,400.0,155.5,1715.0,3.5,Review
7701860.0,SET,6,203.12,27.34,220.34,147.39666666666668,1696.8600000000001,0.9501772351319416,Review
7100300.0,EA,6,1.4025833333333333,0.726,43.1,8.177319444444445,1626.5,30.211395638999466,Review
910780.0,KG,10,160.0,100.0,200.0,152.0,1454.0,0.625,Review
802960.0,EA,5,177.33,92.46,407.1,199.548,1446.0,1.77431906614786,Review
910850.0,KG,15,30.0,25.0,94.45,42.106,1236.04,2.315,Review
818120.0,EA,5,180.0,162.0,540.0,244.8,1224.0,2.1,Review
7503900.0,EA,7,13.46,0.08,160.47,34.87571428571429,1015.4300000000001,11.916047548291232,Review
800430.0,EA,5,22.0,8.0,55.0,31.4,1013.0,2.1363636363636362,Review
801700.0,EA,6,25.0,10.0,30.0,22.5,185.0,0.8,Review
7101320.0,KG,20109,30.32,24.26,34.96,30.173889800586803,5197636923.88,0.35290237467018465,Monitor
7101330.0,KG,178,27.814999999999998,21.26,30.48,27.576348314606744,3170156555.95,0.3314758223979867,Monitor
7100110.0,KG,206,24.015,19.17,27.26,23.868834951456314,2535716402.55,0.3368727878409327,Monitor
910970.0,TO,2970,37700.0,30500.0,39600.0,37065.07649158249,1383677845.02,0.2413793103448276,Monitor
7101620.0,KG,30,25.18,24.83,27.02,25.902666666666665,548267645.75,0.08697378872120735,Monitor
7101270.0,KG,30,25.0,24.62,26.91,25.628,531899454.55,0.09159999999999996,Monitor
7101210.0,KG,37,23.47,23.07,25.05,23.992432432432434,423651274.2,0.08436301661695784,Monitor
7101430.0,KG,20,25.43,25.06,27.32,26.042,419359019.25,0.08887141171844284,Monitor
920000.0,TO,57,70300.0,67200.0,74500.0,70428.0701754386,347114889.25,0.10384068278805121,Monitor
920010.0,TO,9,69500.0,68224.83,75100.0,70991.03333333334,191939241.65,0.09892330935251796,Monitor
7101580.0,KG,10,26.96,26.11,29.45,27.54,191392620.75,0.12388724035608308,Monitor
920450.0,TO,71,57142.86,55714.29,58571.43,57038.23183098592,158460510.43,0.04999994750000261,Monitor
7101290.0,KG,10,23.55,23.27,24.93,23.988,95577642.05,0.07048832271762208,Monitor
7101600.0,KG,10,25.0,24.85,27.32,25.796,84862637.0,0.09879999999999996,Monitor
910360.0,KG,105,25.76,23.64,29.68,25.959238095238092,70058053.06,0.23447204968944094,Monitor
8800000.0,L,46,67.22766666666666,63.927708333333335,68.91770833333334,67.27158574706695,68533700.0,0.07422539331525219,Monitor
7101310.0,KG,145,28.53,25.15,33.58,28.46365517241379,63441960.15,0.29547844374342797,Monitor
920040.0,TO,11,63000.0,60500.0,64500.0,62886.36363636364,56801549.0,0.06349206349206349,Monitor
910220.0,KG,22,100.6,95.6,101.61,99.93727272727273,49841460.8,0.0597415506958251,Monitor
7101910.0,DOS,62,1.649,1.649,1.649,1.649,46993202.0,0.0,Monitor
7400000.0,L,398,69.81,62.51,85.0,69.75891959798994,41790590.97,0.3221601489757914,Monitor
7201300.0,KG,79,26.63,25.74,27.62,26.6553164556962,38270220.33,0.07059707097258741,Monitor
910100.0,KG,28,39.77,39.51,39.84,39.75107142857143,31829245.2,0.008297711843097948,Monitor
910310.0,KG,54,24.15,23.44,25.65,24.449074074074073,29338770.22,0.09151138716356097,Monitor
7101790.0,KG,39,29.0,26.3,30.32,29.153333333333332,28585799.5,0.1386206896551724,Monitor
7101470.0,KG,34,29.94,26.55,30.65,29.621764705882352,26035938.8,0.13694054776219097,Monitor
950950.0,EA,15,11.94,11.75,13.83,12.082666666666666,15652180.0,0.17420435510887775,Monitor
910120.0,KG,17,31.62,31.62,31.88,31.637058823529415,14664474.120000001,0.008222643896268122,Monitor
950550.0,EA,11,15.15,14.68,16.92,15.680909090909092,12732540.6,0.147854785478548,Monitor
7200260.0,KG,30,74.675,64.0,92.0,78.17766666666667,11866186.51,0.3749581519919652,Monitor
7101740.0,DOS,67,1.05715,1.05715,1.05715,1.05715,11390791.25,0.0,Monitor
7201240.0,KG,74,23.79,22.23,25.63,23.84445945945946,10903375.2,0.1429171920975199,Monitor
911000.0,KG,96,3.715,2.25,3.83,3.65375,10446106.26,0.4253028263795424,Monitor
910180.0,KG,10,37.22,26.0,38.23,34.75,9499187.35,0.32858678130037605,Monitor
7101480.0,DOS,387,0.13297,0.069524,0.13297,0.10468361757105943,9462120.62,0.47714522072647964,Monitor
920950.0,KG,6,64.0,64.0,66.0,64.66666666666667,9054560.0,0.03125,Monitor
951560.0,KG,6,189.5,189.5,189.5,189.5,8792800.0,0.0,Monitor
910300.0,KG,7,53.94,40.9,54.08,52.041428571428575,8583712.2,0.2443455691509084,Monitor
950070.0,EA,12,28.165,27.16,28.79,27.929166666666664,8413647.06,0.05787324693768859,Monitor
7400000.0,TO,38,3200.0,2600.0,4120.09,3219.476052631579,7259396.43,0.475028125,Monitor
7300020.0,EA,15,325.0,290.0,370.0,321.6666666666667,6874040.0,0.24615384615384617,Monitor
910140.0,KG,7,44.29,44.29,46.8,44.64857142857142,6558829.199999999,0.05667193497403473,Monitor
802340.0,KG,31,38.175,36.101690000000005,44.4,39.14080129032258,6558417.4,0.2173755075311066,Monitor
7100970.0,DOS,6,5.35526,5.35526,5.35526,5.35526,6426312.0,0.0,Monitor
950560.0,EA,7,14.7,14.68,16.92,15.071428571428571,6406695.0,0.15238095238095253,Monitor
910410.0,KG,280,15.0,15.0,15.0,15.0,6241725.0,0.0,Monitor
950960.0,EA,6,12.09,11.85,13.83,12.31,6203865.0,0.16377171215880898,Monitor
7101780.0,DOS,274,0.166,0.165,0.22,0.1918065693430657,6203820.0,0.33132530120481923,Monitor
818430.0,KG,7,110.0,90.0,110.0,101.42857142857143,6198232.0,0.18181818181818182,Monitor
7101950.0,DOS,5,0.65,0.5,0.65,0.5900000000000001,5950000.0,0.23076923076923078,Monitor
921560.0,KG,5,296.0,296.0,296.0,296.0,5920000.0,0.0,Monitor
7101950.0,L,87,560.0,560.0,780.0,569.880459770115,5860476.0,0.39285714285714285,Monitor
932100.0,KG,6,170.0,165.0,175.0,170.0,5649187.5,0.058823529411764705,Monitor
7100020.0,L,116,180.0,180.0,180.0,180.0,5515200.0,0.0,Monitor
7100590.0,DOS,7,4.13414,4.13414,4.13414,4.13414,5291699.2,0.0,Monitor
940710.0,KG,5,26.47,26.47,26.47,26.47,4870480.0,0.0,Monitor
7201330.0,KG,16,16.0,16.0,16.5,16.21875,4708272.5,0.03125,Monitor
7101130.0,DOS,23,1.0,0.85,1.0,0.9478260869565218,4549000.0,0.15000000000000002,Monitor
7101830.0,TO,17,33600.0,30250.0,36000.0,33352.11470588235,4529549.48,0.17113095238095238,Monitor
7300130.0,EA,22,26.51,25.5,27.5,26.19636363636364,4469658.75,0.07544322897019992,Monitor
804910.0,KG,5,42.975,41.675,45.975,43.255,4459100.0,0.10005817335660278,Monitor
7100010.0,KG,14,674.0,547.0,775.0,664.0,3830990.0,0.33827893175074186,Monitor
7101360.0,BOT,6,2400.0,2400.0,2400.0,2400.0,3672000.0,0.0,Monitor
7100580.0,DOS,8,3.61517,3.61517,3.61517,3.61517,3470563.2,0.0,Monitor
951460.0,KG,31,183.0,183.0,215.0,189.58064516129033,3411077.66,0.17486338797814208,Monitor
940650.0,KG,5,19.5,19.5,19.5,19.5,2925000.0,0.0,Monitor
940010.0,TO,6,6667.0,5714.0,8190.5,6841.25,2229522.8,0.3714564271786411,Monitor
910910.0,KG,6,16.2,16.2,16.2,16.2,1998270.0,0.0,Monitor
951500.0,EA,5,13.05,9.92,13.23,12.46,1789985.15,0.25363984674329504,Monitor
7101140.0,DOS,13,0.8,0.8,0.8,0.8,1664000.0,0.0,Monitor
801550.0,EA,7,744.0,592.0,768.8,703.2285714285715,1656040.0,0.2376344086021505,Monitor
951710.0,EA,5,18.4,18.4,18.4,18.4,1601646.4,0.0,Monitor
7300000.0,KG,11,125.0,125.0,163.0,131.9090909090909,1570291.34,0.304,Monitor
802160.0,KG,21,3.75,3.0,4.0,3.7333333333333334,1506745.75,0.26666666666666666,Monitor
7101840.0,DOS,17,0.22,0.22,0.22,0.22,1415700.0,0.0,Monitor
920700.0,KG,15,25.0,25.0,25.0,25.0,1403325.0,0.0,Monitor
950320.0,KG,11,135.0,135.0,135.0,135.0,1398255.75,0.0,Monitor
7200980.0,KG,7,34.08,33.3,41.87,35.21857142857143,1370854.25,0.25146713615023475,Monitor
7400560.0,TO,5,7000.0,6857.0,8095.0,7380.8,1360482.54,0.17685714285714285,Monitor
951450.0,KG,13,188.0,183.0,202.0,192.07692307692307,1245285.2,0.10106382978723404,Monitor
951670.0,KG,19,189.0,189.0,189.0,189.0,1211905.8,0.0,Monitor
911040.0,L,9,49.53,49.53,49.53,49.53,1188720.0,0.0,Monitor
7100000.0,KG,33,1196.0,1105.0,1196.0,1151.878787878788,1171885.0,0.07608695652173914,Monitor
7101790.0,DOS,7,0.90351,0.90351,0.90351,0.90351,1127580.48,0.0,Monitor
951930.0,EA,8,14.47,14.34,16.26,14.74,1127005.9,0.13268832066344172,Monitor
951160.0,EA,13,16.85,15.46,16.85,16.48076923076923,1120196.46,0.08249258160237391,Monitor
7100890.0,DOS,33,0.053529999999999994,0.053529999999999994,0.053529999999999994,0.053529999999999994,1091744.35,0.0,Monitor
7101870.0,EA,23,3.3,3.3,3.3,3.3,1081080.0,0.0,Monitor
7101860.0,VIL,51,85.0,85.0,85.0,85.0,1075250.0,0.0,Monitor
910490.0,KG,18,339.58,328.57,371.47,337.6816666666666,1074154.45,0.12633252841745696,Monitor
951940.0,EA,6,81.9,81.9,81.9,81.9,1007124.3,0.0,Monitor
7100610.0,KG,5,18.05,18.0,18.57,18.224,983382.5,0.03157894736842107,Monitor
950410.0,KG,11,135.0,135.0,135.0,135.0,969964.2,0.0,Monitor
920890.0,KG,7,450.0,350.0,450.0,435.7142857142857,940000.0,0.2222222222222222,Monitor
950930.0,EA,7,17.2034,17.0,17.4,17.22905714285714,867971.88,0.02325121778253128,Monitor
950800.0,EA,6,34.15,21.1,34.32,32.00333333333333,788474.06,0.3871156661786237,Monitor
950430.0,EA,6,40.45,39.44,40.45,40.11333333333334,769792.0599999999,0.02496909765142163,Monitor
961630.0,KG,8,43.0,42.5,50.25,43.90625,754997.51,0.18023255813953487,Monitor
951170.0,EA,6,8.145,4.47,8.35,7.594999999999999,721121.6,0.476365868631062,Monitor
802450.0,EA,7,6528.0,5601.68,7673.4,6337.754285714285,718974.0,0.3173590686274509,Monitor
7101970.0,L,6,568.0,568.0,625.0,577.5,712575.0,0.10035211267605634,Monitor
7100090.0,KG,13,950.0,950.0,950.0,950.0,712500.0,0.0,Monitor
800120.0,KG,16,120.0,64.47,120.0,101.525625,692476.0,0.46275,Monitor
950480.0,EA,8,37.26,35.0,37.76,36.6625,652535.0,0.07407407407407403,Monitor
7101600.0,DOS,10,0.24,0.24,0.24,0.24,642000.0,0.0,Monitor
7101690.0,KG,9,31.0,23.08,32.0,29.897777777777776,638118.0,0.287741935483871,Monitor
7101510.0,L,29,170.0,155.0,170.0,162.75862068965517,621075.0,0.08823529411764706,Monitor
7101860.0,L,32,160.0,160.0,160.0,160.0,611200.0,0.0,Monitor
7101570.0,DOS,16,0.3,0.3,0.3,0.3,600000.0,0.0,Monitor
920340.0,KG,8,30.5,23.0,31.6,29.4,599600.0,0.28196721311475414,Monitor
7101380.0,L,17,260.0,260.0,260.0,260.0,598000.0,0.0,Monitor
950940.0,KG,7,189.0,184.0,193.0,189.28571428571428,585162.0,0.047619047619047616,Monitor
816500.0,EA,6,278.0,265.0,291.0,278.0,582132.0,0.09352517985611511,Monitor
817110.0,EA,32,13813.56,13813.56,17578.13,13931.2028125,570120.53,0.2725271399986681,Monitor
951350.0,KG,9,189.0,161.02,202.0,184.78222222222223,569316.03,0.21682539682539678,Monitor
810210.0,EA,10,30737.11,25126.56,36230.48,30355.545000000002,562234.47,0.361254522627534,Monitor
802320.0,KG,15,40.67,38.98,51.0,41.55209066666667,539015.71,0.2955495451192526,Monitor
808340.0,KG,5,532.0,525.0,545.0,534.0,535900.0,0.03759398496240601,Monitor
7100980.0,DOS,5,2.6174,2.6174,2.6174,2.6174,523480.0,0.0,Monitor
950330.0,EA,6,1.1,1.1,1.1,1.1,500937.8,0.0,Monitor
951410.0,KG,7,202.0,198.0,202.0,201.42857142857142,482738.16000000003,0.019801980198019802,Monitor
7100560.0,KG,28,108.0,108.0,108.0,108.0,467100.0,0.0,Monitor
803150.0,PAK,9,495.0,495.0,495.0,495.0,445500.0,0.0,Monitor
951650.0,KG,7,189.0,189.0,202.0,191.42857142857142,428432.04000000004,0.06878306878306878,Monitor
802180.0,KG,12,46.5,43.0,50.6,47.00833333333333,419727.9,0.1634408602150538,Monitor
952110.0,KG,6,202.0,106.78,202.0,183.79666666666665,412799.32,0.47138613861386136,Monitor
7100320.0,TAB,40,54.24,54.24,54.24,54.239999999999995,385646.4,0.0,Monitor
818800.0,PAA,27,600.0,550.0,690.0,604.4444444444445,374280.0,0.23333333333333334,Monitor
801920.0,L,8,115.17,93.0,137.0,117.22375,372060.05,0.38204393505253104,Monitor
951780.0,KG,6,195.5,189.0,202.0,195.5,368061.76,0.06649616368286446,Monitor
940030.0,TO,5,2850.0,2850.0,2930.0,2866.0,315533.9,0.028070175438596492,Monitor
950170.0,EA,6,36.34,36.34,36.34,36.34,298605.78,0.0,Monitor
910390.0,KG,84,1.0,1.0,1.0,1.0,294465.0,0.0,Monitor
802170.0,KG,13,44.6,43.0,46.1,44.66076923076923,292973.66000000003,0.06950672645739914,Monitor
951740.0,KG,6,191.0,189.0,193.0,191.0,276140.56,0.020942408376963352,Monitor
802120.0,KG,5,80.0,80.0,82.0,80.8,274820.0,0.025,Monitor
7101730.0,L,10,130.0,130.0,140.0,134.0,273000.0,0.07692307692307693,Monitor
7503920.0,EA,21,12250.0,12250.0,17966.1,12868.453333333335,270237.52,0.46662040816326517,Monitor
951900.0,EA,9,0.2,0.2,0.22,0.20444444444444446,268186.0,0.09999999999999995,Monitor
951870.0,EA,10,1.6,1.4,1.8,1.58,254776.0,0.25000000000000006,Monitor
951360.0,EA,6,4.35,2.34,4.35,3.6799999999999997,224280.0,0.46206896551724136,Monitor
950030.0,KG,5,105.0,101.6,105.0,103.65799999999999,222442.5,0.032380952380952434,Monitor
7100020.0,VIL,10,100.0,100.0,100.0,100.0,220000.0,0.0,Monitor
7101920.0,DOS,10,0.0975,0.0975,0.0975,0.0975,218400.0,0.0,Monitor
812680.0,EA,16,13560.0,13538.0,13560.0,13550.375,216806.0,0.0016224188790560472,Monitor
940830.0,TO,11,3500.0,3200.0,4100.0,3645.4545454545455,208056.0,0.2571428571428571,Monitor
7400070.0,L,125,70.15,67.57,71.94,70.14568,206107.07,0.06229508196721317,Monitor
965010.0,EA,8,0.705,0.7,0.92,0.7575,201408.0,0.3120567375886526,Monitor
7100920.0,KG,6,340.0,340.0,340.0,340.0,178500.0,0.0,Monitor
800040.0,PAK,7,160.71,157.15,175.0,164.07142857142858,177171.2,0.11106962852342725,Monitor
962060.0,KG,6,63.0,59.33,64.5,62.63833333333333,172693.33000000002,0.08206349206349209,Monitor
818980.0,EA,6,144.0,118.0,164.8,143.79999999999998,163380.0,0.32500000000000007,Monitor
806850.0,BAG,8,275.0,200.0,275.0,265.625,159600.0,0.2727272727272727,Monitor
800620.0,L,5,146.3,146.3,190.0,155.78000000000003,154490.0,0.2987012987012986,Monitor
801020.0,M,15,33.0,33.0,33.0,33.0,148764.0,0.0,Monitor
951490.0,EA,5,1.73,1.72,1.78,1.746,138243.0,0.03468208092485552,Monitor
813020.0,EA,6,40.1,40.1,40.1,40.1,136323.0,0.0,Monitor
801030.0,PAK,5,180.0,167.5,185.0,177.0,133312.5,0.09722222222222222,Monitor
806210.0,EA,5,1270.0,1270.0,1270.0,1270.0,129540.0,0.0,Monitor
7101860.0,DOS,7,0.07,0.07,0.07,0.07,129500.0,0.0,Monitor
7100040.0,L,11,214.0,214.0,214.0,214.0,129470.0,0.0,Monitor
800870.0,EA,6,190.08,158.84,211.2,183.70000000000002,126062.0,0.27546296296296285,Monitor
951350.0,EA,5,2.34,2.34,2.34,2.34,120276.0,0.0,Monitor
7101580.0,L,5,210.0,210.0,210.0,210.0,119280.0,0.0,Monitor
818810.0,PAA,14,600.0,550.0,690.0,602.8571428571429,117070.0,0.23333333333333334,Monitor
7101560.0,EA,9,135.0,135.0,153.0,143.0,117000.0,0.13333333333333333,Monitor
811800.0,EA,6,129.54,120.36,138.72,128.85999999999999,112200.0,0.14173228346456693,Monitor
806320.0,EA,13,1848.52,1593.0,2406.36,1909.1223076923077,111440.36,0.44000605890117506,Monitor
932410.0,EA,6,3.6016666666666666,3.6016666666666666,3.6016666666666666,3.6016666666666666,103728.0,0.0,Monitor
802730.0,KG,5,55.0,46.75,73.0,55.766,96849.58,0.4772727272727273,Monitor
7500360.0,EA,5,3600.0,2400.0,3600.0,3360.0,96000.0,0.3333333333333333,Monitor
815530.0,FT,6,650.0,650.0,650.0,650.0,93600.0,0.0,Monitor
961640.0,KG,5,49.69,44.0,52.5,48.376,93536.37,0.17106057556852486,Monitor
7705030.0,EA,7,6177.3,6177.3,7775.76,6492.594285714286,92861.33,0.25876353746782577,Monitor
7300640.0,KG,6,115.0,90.0,115.0,110.83333333333333,92850.0,0.21739130434782608,Monitor
801860.0,KG,9,550.0,540.0,582.0,559.1111111111111,92229.83,0.07636363636363637,Monitor
7701530.0,EA,6,1542.85,1467.9,1776.6,1589.7966666666669,87951.76000000001,0.20008425964935012,Monitor
809840.0,EA,5,8000.0,8000.0,8000.0,8000.0,72000.0,0.0,Monitor
960060.0,EA,19,67.0,41.0,67.0,63.73684210526316,68455.0,0.3880597014925373,Monitor
969450.0,EA,5,1400.0,1350.0,1550.0,1430.0,68200.0,0.14285714285714285,Monitor
801800.0,M,21,2.75,2.75,3.5,2.992857142857143,67905.0,0.2727272727272727,Monitor
7101710.0,KG,7,22.0,22.0,23.0,22.428571428571427,67300.0,0.045454545454545456,Monitor
803440.0,KG,7,41.52542,38.983059999999995,43.5,41.08218,66253.96,0.10877529956349642,Monitor
7100130.0,VIL,5,62.06,62.06,62.06,62.06,62060.0,0.0,Monitor
7703550.0,EA,5,1326.78,1326.78,1326.78,1326.78,58046.450000000004,0.0,Monitor
7701030.0,EA,6,1188.7,950.4,1483.05,1195.2416666666668,52363.85,0.44809455707916207,Monitor
816990.0,EA,21,418.0,418.0,418.0,418.0,46816.0,0.0,Monitor
817620.0,KG,7,68.0,55.0,80.36,67.55142857142857,46031.8,0.3729411764705882,Monitor
962160.0,EA,6,204.01,150.04,239.16,202.74,45313.0,0.4368413313072889,Monitor
7500100.0,KG,7,551.0,550.0,594.0,557.0,43148.0,0.07985480943738657,Monitor
910560.0,EA,5,3.5,3.5,3.5,3.5,41825.0,0.0,Monitor
815150.0,KG,6,330.68,312.5,330.68,327.15000000000003,41208.1,0.0549776218700859,Monitor
7101010.0,KG,7,0.6,0.6,0.6,0.6,36000.0,0.0,Monitor
816460.0,EA,8,1445.3400000000001,900.0,1600.0,1330.29625,35754.25,0.48431510924765103,Monitor
807920.0,EA,5,760.0,760.0,807.5,769.5,34900.0,0.0625,Monitor
962470.0,KG,6,550.5,550.0,551.0,550.5,33627.1,0.0018165304268846503,Monitor
818760.0,EA,6,800.0,800.0,800.0,800.0,33600.0,0.0,Monitor
800950.0,KG,13,68.0,61.92,88.0,71.65461538461538,32118.3,0.38352941176470584,Monitor
802140.0,KG,8,16.95,16.53,18.85,17.37125,29530.0,0.13687315634218292,Monitor
802230.0,M,5,13.34,13.337704918032786,13.39344262295082,13.35777049180328,28506.6,0.004178238749477802,Monitor
807440.0,KG,8,26.299999999999997,25.8,26.6,26.225,27570.0,0.030418250950570373,Monitor
814040.0,L,12,62.720000000000006,62.720000000000006,62.720000000000006,62.720000000000006,27283.2,0.0,Monitor
7101800.0,KG,8,5.0,5.0,5.0,5.0,24000.0,0.0,Monitor
910540.0,EA,42,2.0,1.5,2.5,1.9142857142857144,19813.0,0.5,Monitor
813070.0,PAK,5,61.9,61.9,65.0,62.52,18261.0,0.050080775444264966,Monitor
806060.0,L,5,423.5,350.0,500.0,434.0,17271.5,0.3541912632821724,Monitor
807920.0,ROL,9,389.5,308.75,498.75,365.75,17250.0,0.4878048780487805,Monitor
801950.0,L,10,201.5,129.25,207.63,174.73399999999998,16987.68,0.3889826302729528,Monitor
910770.0,KG,20,250.0,218.03,250.0,246.80300000000003,15840.15,0.12788,Monitor
910820.0,KG,10,77.96000000000001,62.720000000000006,77.96000000000001,73.388,15219.8,0.19548486403283735,Monitor
931290.0,EA,7,15.714166666666667,15.714166666666667,15.714166666666667,15.714166666666667,14708.460000000001,0.0,Monitor
815980.0,KG,8,170.45999999999998,133.33,171.42,157.0875,14599.5,0.22345418279948362,Monitor
940080.0,L,5,140.0,140.0,158.0,147.2,14540.0,0.12857142857142856,Monitor
960420.0,EA,5,6.0,5.5,6.0,5.8,12190.0,0.08333333333333333,Monitor
960580.0,EA,5,9.6,7.25,10.6,9.17,11713.0,0.3489583333333333,Monitor
816090.0,KG,5,26.0,24.8,26.4,25.72,11550.0,0.06153846153846146,Monitor
7704480.0,EA,6,276.92,255.85,390.63,300.875,10975.44,0.48671096345514947,Monitor
800940.0,KG,6,56.0,55.0,68.0,57.666666666666664,10586.8,0.23214285714285715,Monitor
812650.0,L,5,50.8,50.8,50.8,50.8,10160.0,0.0,Monitor
812790.0,KG,5,161.9,157.14,200.0,175.236,9823.6,0.26473131562693025,Monitor
931520.0,EA,9,12.5,12.5,12.5,12.5,9750.0,0.0,Monitor
805440.0,KG,9,90.0,55.0,100.0,78.33333333333333,9400.0,0.5,Monitor
802010.0,EA,6,258.0,193.0,320.0,250.33333333333334,8655.0,0.49224806201550386,Monitor
802380.0,KG,8,16.5,11.0,17.0,15.875,8475.0,0.36363636363636365,Monitor
812620.0,EA,5,1076.0,850.0,1175.0,1051.284,6431.42,0.3020446096654275,Monitor
814610.0,PAK,8,57.5,53.81,65.0,58.22,6385.2,0.19460869565217387,Monitor
931910.0,EA,5,14.300833333333335,14.300833333333335,14.300833333333335,14.300833333333335,5834.740000000001,0.0,Monitor
801950.0,EA,8,34.0,30.0,42.0,35.0,5582.0,0.35294117647058826,Monitor
803310.0,EA,6,930.0,930.0,930.0,930.0,5580.0,0.0,Monitor
931910.0,KG,7,209.52,209.52,209.52,209.52,4818.96,0.0,Monitor
815990.0,KG,6,80.0,70.86,80.0,77.64333333333333,3886.02,0.11425,Monitor
931880.0,KG,7,140.0,140.0,160.0,145.71428571428572,3500.0,0.14285714285714285,Monitor
7701120.0,EA,7,0.66,0.58,0.82,0.6942857142857142,2411.88,0.3636363636363636,Monitor
910890.0,L,6,71.43,71.43,71.43,71.43,2357.19,0.0,Monitor
7702080.0,SET,9,250.0,156.78,250.0,208.56888888888886,1877.12,0.37288,Monitor
910880.0,KG,7,30.0,25.0,30.0,28.571428571428573,1727.6,0.16666666666666666,Monitor
818890.0,EA,10,73.75,61.5,86.0,73.75,1475.0,0.33220338983050846,Monitor
818880.0,EA,5,61.5,61.5,86.0,71.3,713.0,0.3983739837398374,Monitor
910670.0,EA,5,3.3333333333333335,3.3333333333333335,4.166666666666667,3.666666666666667,220.0,0.25000000000000006,Monitor
